link,name,avgRating,numOfRating,category,plusCode
https://www.google.com/maps/place/Hair+Of+The+Dog+Bar+Danang/data=!4m7!3m6!1s0x3142195fb3eccc33:0x9702bf134dffe046!8m2!3d16.0662007!4d108.2240467!16s%2Fg%2F11gy9qdrqq!19sChIJM8zss18ZQjERRuD_TRO_Apc?authuser=0&hl=vi&rclk=1,Hair Of The Dog Bar Danang,"4,4",(168),Qu√°n bar,06 Tr·∫ßn Qu·ªëc To·∫£n
https://www.google.com/maps/place/Bamboo+2+Bar+Danang/data=!4m7!3m6!1s0x31421832c3d4d05d:0x3a146b4a035c30c4!8m2!3d16.0649822!4d108.2240158!16s%2Fg%2F1wf3624k!19sChIJXdDUwzIYQjERxDBcA0prFDo?authuser=0&hl=vi&rclk=1,Bamboo 2 Bar Danang,"4,1",(1.234),Bar th·ªÉ thao,216 B·∫°ch ƒê·∫±ng
https://www.google.com/maps/place/Golden+Pine+Pub/data=!4m7!3m6!1s0x3142183036a53179:0x7aa769c276478387!8m2!3d16.0742601!4d108.2290869!16s%2Fg%2F1ptz3rpkc!19sChIJeTGlNjAYQjERh4NHdsJpp3o?authuser=0&hl=vi&rclk=1,Golden Pine Pub,"4,1",(1.331),Qu√°n bar,325 ƒê. Tr·∫ßn H∆∞ng ƒê·∫°o
https://www.google.com/maps/place/Oq+Lounge+Pub/data=!4m7!3m6!1s0x31421946747f0e01:0x391b7d6f4ec32617!8m2!3d16.0794866!4d108.2236767!16s%2Fg%2F11jl2vp0dr!19sChIJAQ5_dEYZQjERFybDTm99Gzk?authuser=0&hl=vi&rclk=1,Oq Lounge Pub,"4,4",(256),V≈© tr∆∞·ªùng,18-20 B·∫°ch ƒê·∫±ng
https://www.google.com/maps/place/Sky+21+Bar/data=!4m7!3m6!1s0x3142178472b892b1:0xb1884292bcf64775!8m2!3d16.0675509!4d108.244712!16s%2Fg%2F11g9w3tgxy!19sChIJsZK4coQXQjERdUf2vJJCiLE?authuser=0&hl=vi&rclk=1,Sky 21 Bar,"4,5",(258),Qu√°n bar,"Belle Maison Parosand Danang, 216 V√µ Nguy√™n Gi√°p"
https://www.google.com/maps/place/On+The+Radio+Bar/data=!4m7!3m6!1s0x3142184782bb9891:0x6d856ea30d3bdf3d!8m2!3d16.0652451!4d108.2213507!16s%2Fg%2F1hhgq87wx!19sChIJkZi7gkcYQjERPd87DaNuhW0?authuser=0&hl=vi&rclk=1,On The Radio Bar,"4,4",(1.502),Qu√°n bar ca nh·∫°c tr·ª±c ti·∫øp,76 Th√°i Phi√™n
"https://www.google.com/maps/place/Sky36+-+Lounge,+Sky+Bar+%26+Event+Venue/data=!4m7!3m6!1s0x3142183ae54d6015:0xa61168c6e58166a2!8m2!3d16.077401!4d108.2237974!16s%2Fg%2F11gcplt_4x!19sChIJFWBN5ToYQjERomaB5cZoEaY?authuser=0&hl=vi&rclk=1","Sky36 - Lounge, Sky Bar & Event Venue","3,8",(752),Qu√°n bar,36 B·∫°ch ƒê·∫±ng
https://www.google.com/maps/place/212+CLUB+%C4%90%C3%A0+N%E1%BA%B5ng/data=!4m7!3m6!1s0x314219cdc04049ff:0x6b304ffdfcd28bbc!8m2!3d16.064325!4d108.2296416!16s%2Fg%2F11fqyk3h2j!19sChIJ_0lAwM0ZQjERvIvS_P1PMGs?authuser=0&hl=vi&rclk=1,212 CLUB ƒê√† N·∫µng,"4,4",(66),Qu√°n bar,"DMT MARINA CORP, ƒê. Tr·∫ßn H∆∞ng ƒê·∫°o"
https://www.google.com/maps/place/Horizon+Bar/data=!4m7!3m6!1s0x31421779f0f3d3d3:0x77a0f994319729e9!8m2!3d16.0780317!4d108.2454854!16s%2Fg%2F11flr8h6x2!19sChIJ09Pz8HkXQjER6SmXMZT5oHc?authuser=0&hl=vi&rclk=1,Horizon Bar,"4,4",(34),Qu√°n bar,120 V√µ Nguy√™n Gi√°p
https://www.google.com/maps/place/BUNNY+Girls+Bar+%26+Lounge+2/data=!4m7!3m6!1s0x31421922d1f7e69b:0x8eeff8bb33cad2e!8m2!3d16.078895!4d108.221682!16s%2Fg%2F11hfpvw9lt!19sChIJm-b30SIZQjERLq08s4v_7gg?authuser=0&hl=vi&rclk=1,BUNNY Girls Bar & Lounge 2,"4,6",(61),Qu√°n bar ti·∫øp vi√™n n·ªØ,12 Nguy·ªÖn Du
https://www.google.com/maps/place/The+1920's+Lounge/data=!4m7!3m6!1s0x314218330e7e98a7:0x4a6f6e793a47c04c!8m2!3d16.0661971!4d108.2219325!16s%2Fg%2F11hbkdn8y4!19sChIJp5h-DjMYQjERTMBHOnlub0o?authuser=0&hl=vi&rclk=1,The 1920's Lounge,"4,5",(490),Qu√°n bar ca nh·∫°c tr·ª±c ti·∫øp,53 Tr·∫ßn Qu·ªëc To·∫£n
https://www.google.com/maps/place/New+Ph%C6%B0%C6%A1ng+%C4%90%C3%B4ng/data=!4m7!3m6!1s0x3142183c3d7b9ebb:0x452c789484e558bb!8m2!3d16.0825316!4d108.2209614!16s%2Fg%2F11_dz4nyz!19sChIJu557PTwYQjERu1jlhJR4LEU?authuser=0&hl=vi&rclk=1,New Ph∆∞∆°ng ƒê√¥ng,"4,2",(1.704),H·ªôp ƒë√™m,20 ƒê·ªëng ƒêa
https://www.google.com/maps/place/Pavo+Bar+Cuisine+%26+Mixology/data=!4m7!3m6!1s0x314219b8ba43655d:0xc894bf79e3f3e608!8m2!3d16.079432!4d108.2232254!16s%2Fg%2F11n91cv_sr!19sChIJXWVDurgZQjERCObz43m_lMg?authuser=0&hl=vi&rclk=1,Pavo Bar Cuisine & Mixology,"5,0",(350),Qu√°n bar,11 ƒê. Tr·∫ßn Ph√∫
https://www.google.com/maps/place/The+Long+Bar+at+InterContinental+Danang/data=!4m7!3m6!1s0x31423d95148ac4db:0x3e58815805300206!8m2!3d16.122723!4d108.307169!16s%2Fg%2F11f__7sxms!19sChIJ28SKFJU9QjERBgIwBViBWD4?authuser=0&hl=vi&rclk=1,The Long Bar at InterContinental Danang,"4,7",(52),Qu√°n bar,48F4+3VM
https://www.google.com/maps/place/Kirara+Bar+%26+Lounge+2/data=!4m7!3m6!1s0x3142190bc4554b1d:0x231af15c89726c74!8m2!3d16.0701843!4d108.2343498!16s%2Fg%2F11flzqt85n!19sChIJHUtVxAsZQjERdGxyiVzxGiM?authuser=0&hl=vi&rclk=1,Kirara Bar & Lounge 2,"4,4",(49),Qu√°n bar,317 D. ƒê√¨nh Ngh·ªá
https://www.google.com/maps/place/LIBRE+Bar%F0%9F%8D%B9DaNang/data=!4m7!3m6!1s0x3142183082dac5bd:0x477cb166502e4808!8m2!3d16.0726704!4d108.2210485!16s%2Fg%2F11f2dsmrbv!19sChIJvcXagjAYQjERCEguUGaxfEc?authuser=0&hl=vi&rclk=1,LIBRE BarüçπDaNang,"4,7",(135),Qu√°n bar,125a Nguy·ªÖn Ch√≠ Thanh
https://www.google.com/maps/place/BUNNY+Girls+Bar+%26+Lounge/data=!4m7!3m6!1s0x314217cae04e758d:0x7a2d4547ef70d928!8m2!3d16.0687315!4d108.2422963!16s%2Fg%2F11fnx225lm!19sChIJjXVO4MoXQjERKNlw70dFLXo?authuser=0&hl=vi&rclk=1,BUNNY Girls Bar & Lounge,"4,2",(80),Qu√°n bar ti·∫øp vi√™n n·ªØ,47 D. ƒê√¨nh Ngh·ªá
https://www.google.com/maps/place/Simple+Man+Pub/data=!4m7!3m6!1s0x3142183034013139:0x1aca385263a54843!8m2!3d16.0761559!4d108.2290293!16s%2Fg%2F11g8_nmvhv!19sChIJOTEBNDAYQjERQ0ilY1I4yho?authuser=0&hl=vi&rclk=1,Simple Man Pub,"4,4",(132),Qu√°n bar,267 ƒê. Tr·∫ßn H∆∞ng ƒê·∫°o
https://www.google.com/maps/place/T%C3%AA+Bar/data=!4m7!3m6!1s0x314219710e8c9b61:0x1391dededb5dfbad!8m2!3d16.0679317!4d108.2234571!16s%2Fg%2F11fmbbtn2p!19sChIJYZuMDnEZQjERrftd297ekRM?authuser=0&hl=vi&rclk=1,T√™ Bar,"4,7",(163),Qu√°n bar cocktail,"3rd Floor, 39-41 Nguy·ªÖn Th√°i H·ªçc"
https://www.google.com/maps/place/The+Dude+Bar/data=!4m7!3m6!1s0x314219d8118c6fb3:0x272ce455a91ab84b!8m2!3d16.0652259!4d108.2239784!16s%2Fg%2F11f6gv1v63!19sChIJs2-MEdgZQjERS7gaqVXkLCc?authuser=0&hl=vi&rclk=1,The Dude Bar,"4,0",(67),Qu√°n bar,210 B·∫°ch ƒê·∫±ng
https://www.google.com/maps/place/Sky+Pub/data=!4m7!3m6!1s0x31421832c13ef69b:0x2b28c3cc5d90c18d!8m2!3d16.0651072!4d108.2240284!16s%2Fg%2F11dx9wyspp!19sChIJm_Y-wTIYQjERjcGQXczDKCs?authuser=0&hl=vi&rclk=1,Sky Pub,"4,0",(120),Qu√°n bar,214 B·∫°ch ƒê·∫±ng
https://www.google.com/maps/place/TOP+TV+Club/data=!4m7!3m6!1s0x314219af33ef3aa7:0x5e4aac9ac86acd0a!8m2!3d16.0442485!4d108.2236548!16s%2Fg%2F11lt47ll7b!19sChIJpzrvM68ZQjERCs1qyJqsSl4?authuser=0&hl=vi&rclk=1,TOP TV Club,"4,1",(125),Qu√°n bar,"26VF+MFR, Khu B·∫Øc t∆∞·ª£ng ƒë√†i, ƒê. 2 Th√°ng 9"
https://www.google.com/maps/place/Marine+Sky+Bar/data=!4m7!3m6!1s0x3142175d916fa581:0x7afd524254129635!8m2!3d16.0496805!4d108.2477527!16s%2Fg%2F11j0r9nt72!19sChIJgaVvkV0XQjERNZYSVEJS_Xo?authuser=0&hl=vi&rclk=1,Marine Sky Bar,"5,0",(70),Qu√°n bar,56 Tr·∫ßn B·∫°ch ƒê·∫±ng
https://www.google.com/maps/place/%C4%90i%E1%BB%83m+N%C3%B3ng+Club/data=!4m7!3m6!1s0x314219b1187927bf:0x439ea7c980ac0266!8m2!3d16.0573808!4d108.2069542!16s%2Fg%2F11cnb73pc1!19sChIJvyd5GLEZQjERZgKsgMmnnkM?authuser=0&hl=vi&rclk=1,ƒêi·ªÉm N√≥ng Club,"4,0",(179),Qu√°n bar,37 Nguy·ªÖn Tri Ph∆∞∆°ng
https://www.google.com/maps/place/Karma+Lounge+Da+Nang/data=!4m7!3m6!1s0x314219716be1e551:0x42ae6ac264bc3705!8m2!3d16.0662114!4d108.2240377!16s%2Fg%2F11nrvx47_7!19sChIJUeXha3EZQjERBTe8ZMJqrkI?authuser=0&hl=vi&rclk=1,Karma Lounge Da Nang,"4,5",(60),Qu√°n bar,6 Tr·∫ßn Qu·ªëc To·∫£n
https://www.google.com/maps/place/The+Dawn+Beach+bar/data=!4m7!3m6!1s0x31421783b29af121:0x483da81efdd6ed17!8m2!3d16.0648001!4d108.2459082!16s%2Fg%2F11cn9m77r5!19sChIJIfGasoMXQjERF-3W_R6oPUg?authuser=0&hl=vi&rclk=1,The Dawn Beach bar,"4,2",(306),Qu√°n bar,
https://www.google.com/maps/place/V+Lounge/data=!4m7!3m6!1s0x31421955e75fa37b:0xa81c66b3bd40c8ad!8m2!3d16.054647!4d108.2224387!16s%2Fg%2F11flbwldgn!19sChIJe6Nf51UZQjERrchAvbNmHKg?authuser=0&hl=vi&rclk=1,V Lounge,"4,4",(25),Qu√°n bar,363C+VX4
https://www.google.com/maps/place/The+Craftsman+Cocktail+Bar/data=!4m7!3m6!1s0x3142171dffdf1793:0x9eb7c5c037c22f08!8m2!3d16.0464522!4d108.2468395!16s%2Fg%2F11h2qtp75k!19sChIJkxff_x0XQjERCC_CN8DFt54?authuser=0&hl=vi&rclk=1,The Craftsman Cocktail Bar,"4,8",(256),Qu√°n bar cocktail,48 Phan T·ª©
https://www.google.com/maps/place/Ocean+Sky+Bar+Da+Nang/data=!4m7!3m6!1s0x31421794de3c5d0d:0xd785037ac121d19b!8m2!3d16.0526694!4d108.2478635!16s%2Fg%2F11fmxtgzk_!19sChIJDV083pQXQjERm9EhwXoDhdc?authuser=0&hl=vi&rclk=1,Ocean Sky Bar Da Nang,"5,0",(4),Qu√°n bar,282 V√µ Nguy√™n Gi√°p
https://www.google.com/maps/place/Saigon+chill/data=!4m7!3m6!1s0x3142193c060f39f5:0xee497d820ebc4e40!8m2!3d16.0623218!4d108.2231901!16s%2Fg%2F11qqbwypfs!19sChIJ9TkPBjwZQjERQE68DoJ9Se4?authuser=0&hl=vi&rclk=1,Saigon chill,"4,9",(21),Qu√°n bar cocktail,260 ƒê. Tr·∫ßn Ph√∫
https://www.google.com/maps/place/Luna+Pub+-+Pizza+%26+%C4%90%E1%BB%93+%C4%83n+%C3%9D/data=!4m7!3m6!1s0x3142183b760f97ff:0x6ec781e46b72552d!8m2!3d16.079802!4d108.223151!16s%2Fg%2F1hd_mtq76!19sChIJ_5cPdjsYQjERLVVya-SBx24?authuser=0&hl=vi&rclk=1,Luna Pub - Pizza & ƒê·ªì ƒÉn √ù,"4,3",(1.088),Qu√°n bar,9A ƒê. Tr·∫ßn Ph√∫
https://www.google.com/maps/place/Brilliant+Top+Bar/data=!4m7!3m6!1s0x314219d6630ab71f:0xb8a758479fc0ac70!8m2!3d16.0667018!4d108.2246507!16s%2Fg%2F11h7jbwzws!19sChIJH7cKY9YZQjERcKzAn0dYp7g?authuser=0&hl=vi&rclk=1,Brilliant Top Bar,"4,8",(121),Qu√°n bar,162 B·∫°ch ƒê·∫±ng
https://www.google.com/maps/place/S.O.N+Beer+Club/data=!4m7!3m6!1s0x314219e9ae3299ab:0xa1184b3674c82dda!8m2!3d16.0391729!4d108.2223748!16s%2Fg%2F11rq22mvm8!19sChIJq5kyrukZQjER2i3IdDZLGKE?authuser=0&hl=vi&rclk=1,S.O.N Beer Club,,,Qu√°n bar,Ki·ªát 383 N√∫i Th√†nh
https://www.google.com/maps/place/Dachazz+Gastrolounge/data=!4m7!3m6!1s0x31421744558b2b23:0x10f1b2c5220b2676!8m2!3d16.0497583!4d108.2480742!16s%2Fg%2F11qq3rkx73!19sChIJIyuLVUQXQjERdiYLIsWy8RA?authuser=0&hl=vi&rclk=1,Dachazz Gastrolounge,"4,7",(12),Qu√°n bar,02 An Th∆∞·ª£ng 1
https://www.google.com/maps/place/Nuna+Lounge/data=!4m7!3m6!1s0x31421906288e5fbd:0x3c8a72d6e1ce0ee5!8m2!3d16.0656756!4d108.2223219!16s%2Fg%2F11frdr3fsq!19sChIJvV-OKAYZQjER5Q7O4dZyijw?authuser=0&hl=vi&rclk=1,Nuna Lounge,"4,5",(84),Qu√°n bar,100 Y√™n B√°i
https://www.google.com/maps/place/Chicland+Lounge/data=!4m7!3m6!1s0x314217a7d662f817:0x628f87126c861f8d!8m2!3d16.0680085!4d108.2449448!16s%2Fg%2F11h4f0lmck!19sChIJF_hi1qcXQjERjR-GbBKHj2I?authuser=0&hl=vi&rclk=1,Chicland Lounge,"5,0",(5),Qu√°n bar,"T·∫ßng M√°i, 210 V√µ Nguy√™n Gi√°p"
https://www.google.com/maps/place/Section+30+-+Craft+Beer+%26+Cocktail+Pub/data=!4m7!3m6!1s0x3142170a8b3754c9:0xa050c2c3e6d78234!8m2!3d16.0512061!4d108.2462336!16s%2Fg%2F11h49kmpcx!19sChIJyVQ3iwoXQjERNILX5sPCUKA?authuser=0&hl=vi&rclk=1,Section 30 - Craft Beer & Cocktail Pub,"4,8",(286),Qu√°n r∆∞·ª£u,An Th∆∞·ª£ng 30
https://www.google.com/maps/place/N%C3%B3c+N%C3%B3c+-+Cocktails+%26+Tea/data=!4m7!3m6!1s0x314217eca147cb37:0xda89dee8d0e89f89!8m2!3d16.080964!4d108.2211754!16s%2Fg%2F11qjh8nb7p!19sChIJN8tHoewXQjERiZ_o0Ojeido?authuser=0&hl=vi&rclk=1,N√≥c N√≥c - Cocktails & Tea,"4,8",(27),Qu√°n bar cocktail,2C Phan B·ªôi Ch√¢u
https://www.google.com/maps/place/Pool+Bar/data=!4m7!3m6!1s0x314211ed9aa9ff95:0x9ecebd67f67a41f1!8m2!3d15.980758!4d108.2763181!16s%2Fg%2F11k0lrb13b!19sChIJlf-pmu0RQjER8UF69me9zp4?authuser=0&hl=vi&rclk=1,Pool Bar,,,Qu√°n bar,35 Tr∆∞·ªùng Sa
https://www.google.com/maps/place/LUXX+BEER+GARDEN/data=!4m7!3m6!1s0x3142199477f17095:0x255f3f182ed68b57!8m2!3d16.075397!4d108.1618501!16s%2Fg%2F11rfcykdkb!19sChIJlXDxd5QZQjERV4vWLhg_XyU?authuser=0&hl=vi&rclk=1,LUXX BEER GARDEN,"4,5",(15),Qu√°n bar,12 13 Nguy·ªÖn Sinh S·∫Øc
https://www.google.com/maps/place/Pub+stress/data=!4m7!3m6!1s0x31421989bfd55459:0xb0063e0e5cd8ae4d!8m2!3d16.059032!4d108.2121201!16s%2Fg%2F11j5f6zxwc!19sChIJWVTVv4kZQjERTa7YXA4-BrA?authuser=0&hl=vi&rclk=1,Pub stress,,,Qu√°n bar,72 ƒê·ªó Quang
https://www.google.com/maps/place/Bar+Ti%E1%BA%BFng+D%C6%B0%C6%A1ng+C%E1%BA%A7m/data=!4m7!3m6!1s0x314219cca14b1819:0x75db3fff11e1517f!8m2!3d16.0627149!4d108.2212023!16s%2Fg%2F1wj_3jjz!19sChIJGRhLocwZQjERf1HhEf8_23U?authuser=0&hl=vi&rclk=1,Bar Ti·∫øng D∆∞∆°ng C·∫ßm,"3,8",(121),Qu√°n bar,67 Ho√†ng VƒÉn Th·ª•
https://www.google.com/maps/place/The+Speakeasy+Bar+%26+Tapas/data=!4m7!3m6!1s0x314217162496c17b:0x85e604bf3f59d59a!8m2!3d16.0806247!4d108.246817!16s%2Fg%2F11qbkm8v8g!19sChIJe8GWJBYXQjERmtVZP78E5oU?authuser=0&hl=vi&rclk=1,The Speakeasy Bar & Tapas,"5,0",(6),Qu√°n bar cocktail,92 V√µ Nguy√™n Gi√°p
https://www.google.com/maps/place/%C6%A0i+Bar/data=!4m7!3m6!1s0x314217546fdf937f:0x1bab0d9f57364783!8m2!3d16.0475218!4d108.2450774!16s%2Fg%2F11h_0p3g4_!19sChIJf5Pfb1QXQjERg0c2V58Nqxs?authuser=0&hl=vi&rclk=1,∆†i Bar,"4,3",(49),Bar th·ªÉ thao,52 ƒê. Ng. Th√¨ Sƒ©
https://www.google.com/maps/place/Ph%C3%AA+Craft+Beer+-+No%CC%81c+%26+N%C3%B4%CC%81c/data=!4m7!3m6!1s0x31421910545338fb:0xfa13aee1758798a5!8m2!3d16.0511417!4d108.2096099!16s%2Fg%2F11q363_dbq!19sChIJ-zhTVBAZQjERpZiHdeGuE_o?authuser=0&hl=vi&rclk=1,Ph√™ Craft Beer - NoÃÅc & N√¥ÃÅc,"4,6",(9),Qu√°n bia s√¢n v∆∞·ªùn,211 L√™ ƒê√¨nh L√Ω
https://www.google.com/maps/place/50Decibel-+Live+Music+Pub/data=!4m7!3m6!1s0x314217ccc10108af:0x20469d3e0239cf6f!8m2!3d16.0474039!4d108.244589!16s%2Fg%2F11r9pv4qfd!19sChIJrwgBwcwXQjERb885Aj6dRiA?authuser=0&hl=vi&rclk=1,50Decibel- Live Music Pub,"4,9",(20),Qu√°n bar,36 ƒê. Ng. Th√¨ Sƒ©
https://www.google.com/maps/place/PID+Beer/data=!4m7!3m6!1s0x314219e37c3e1601:0xd9353728c2ec249a!8m2!3d16.0604313!4d108.2158606!16s%2Fg%2F11j3s0h4hw!19sChIJARY-fOMZQjERmiTswig3Ndk?authuser=0&hl=vi&rclk=1,PID Beer,"5,0",(3),Qu√°n r∆∞·ª£u,17 Nguy·ªÖn VƒÉn Linh
https://www.google.com/maps/place/R%C6%A0M+Food+%26+Drink/data=!4m7!3m6!1s0x3142173dc2f54331:0xd326fe9b7eb738f8!8m2!3d16.0546883!4d108.2414047!16s%2Fg%2F11fmsg35x_!19sChIJMUP1wj0XQjER-Di3fpv-JtM?authuser=0&hl=vi&rclk=1,R∆†M Food & Drink,"3,8",(39),Qu√°n bar,114 Nguy·ªÖn VƒÉn Tho·∫°i
https://www.google.com/maps/place/Qu%C3%A1n+Bar+Coffee/data=!4m7!3m6!1s0x314218f933ded9df:0x95b4d680e79aa45b!8m2!3d16.0731342!4d108.1872723!16s%2Fg%2F1hc3jvdjq!19sChIJ39neM_kYQjERW6Sa54DWtJU?authuser=0&hl=vi&rclk=1,Qu√°n Bar Coffee,"3,8",(26),Qu√°n bar,"627, Nguy·ªÖn T·∫•t Th√†nh, Q. Thanh Kh√™, Tp. ƒê√† N·∫µng"
https://www.google.com/maps/place/The+Trip+66/data=!4m7!3m6!1s0x3142175cb2b2f863:0x28d99106e3f08016!8m2!3d16.0466713!4d108.2474473!16s%2Fg%2F11h555m1bp!19sChIJY_iyslwXQjERFoDw4waR2Sg?authuser=0&hl=vi&rclk=1,The Trip 66,"4,6",(111),Qu√°n bar,66 Phan T·ª©
https://www.google.com/maps/place/Bia+Budweiser/data=!4m7!3m6!1s0x314219338da37e9f:0x13dab113680ed4ec!8m2!3d16.0214956!4d108.2068368!16s%2Fg%2F11rbwsdgfw!19sChIJn36jjTMZQjER7NQOaBOx2hM?authuser=0&hl=vi&rclk=1,Bia Budweiser,"5,0",(1),Qu√°n bar,70 ƒê·ªó ƒêƒÉng Tuy·ªÉn
https://www.google.com/maps/place/Night+Club/data=!4m7!3m6!1s0x314219669e3bd6df:0x9edd0709272a6993!8m2!3d16.0621415!4d108.214597!16s%2Fg%2F11jdw84hp0!19sChIJ39Y7nmYZQjERk2kqJwkH3Z4?authuser=0&hl=vi&rclk=1,Night Club,"5,0",(7),Qu√°n bar,√îng √çch Khi√™m
https://www.google.com/maps/place/Pub+%26+Coffee+387/data=!4m7!3m6!1s0x3142177b000be7f7:0x39c30052a04d99d7!8m2!3d16.0536949!4d108.2459953!16s%2Fg%2F11f_0c62zh!19sChIJ9-cLAHsXQjER15lNoFIAwzk?authuser=0&hl=vi&rclk=1,Pub & Coffee 387,"4,4",(5),Qu√°n bar,150 Tr·∫ßn B·∫°ch ƒê·∫±ng
https://www.google.com/maps/place/The+Mad+Den/data=!4m7!3m6!1s0x314217f042920163:0x3e07005d4e72ce6c!8m2!3d16.0478528!4d108.2443682!16s%2Fg%2F11q26t0q0k!19sChIJYwGSQvAXQjERbM5yTl0ABz4?authuser=0&hl=vi&rclk=1,The Mad Den,"5,0",(12),Qu√°n bar,4 An Th∆∞·ª£ng 8
https://www.google.com/maps/place/Hieu+Pub/data=!4m7!3m6!1s0x314219ca34b5b003:0xb35b85623d20c92b!8m2!3d16.0596457!4d108.2169562!16s%2Fg%2F1hc1kys6m!19sChIJA7C1NMoZQjERK8kgPWKFW7M?authuser=0&hl=vi&rclk=1,Hieu Pub,,,Qu√°n bar,254 Ho√†ng Di·ªáu
https://www.google.com/maps/place/Memory/data=!4m7!3m6!1s0x31421830317570af:0x5707aa2416979d3b!8m2!3d16.0727548!4d108.225102!16s%2Fg%2F1tjdj746!19sChIJr3B1MTAYQjERO52XFiSqB1c?authuser=0&hl=vi&rclk=1,Memory,"4,2",(818),Nh√† h√†ng,7 B·∫°ch ƒê·∫±ng
https://www.google.com/maps/place/H%E1%BB%A3p+Ph%E1%BB%91/data=!4m7!3m6!1s0x314219b9d52e66a9:0xaf5d233526c0cc7b!8m2!3d16.053039!4d108.2107406!16s%2Fg%2F1tgdfg6n!19sChIJqWYu1bkZQjERe8zAJjUjXa8?authuser=0&hl=vi&rclk=1,H·ª£p Ph·ªë,"4,1",(42),Qu√°n bar,150 L√™ ƒê√¨nh L√Ω
https://www.google.com/maps/place/R%C6%B0%E1%BB%A3u+g%E1%BA%A1o+%C3%94ng+Th%E1%BB%A9/data=!4m7!3m6!1s0x3142195012bf246f:0xbb8a50fbdd934247!8m2!3d16.083269!4d108.2294181!16s%2Fg%2F11kkt__n9h!19sChIJbyS_ElAZQjERR0KT3ftQirs?authuser=0&hl=vi&rclk=1,R∆∞·ª£u g·∫°o √îng Th·ª©,"5,0",(2),Qu√°n r∆∞·ª£u,67 ƒê. Nguy·ªÖn Trung Tr·ª±c
https://www.google.com/maps/place/B%E1%BA%A3o+Long+Qu%E1%BA%A3ng+C%C3%A1o-N%E1%BB%99i+Th%E1%BA%A5t+Karaoke/data=!4m7!3m6!1s0x31421a10a3026d7f:0x4ab026e80b32ed89!8m2!3d16.0069662!4d108.2212073!16s%2Fg%2F11q84mnbbj!19sChIJf20CoxAaQjERie0yC-gmsEo?authuser=0&hl=vi&rclk=1,B·∫£o Long Qu·∫£ng C√°o-N·ªôi Th·∫•t Karaoke,,,Qu√°n bar,41 Qu√°ch Th·ªã Trang
https://www.google.com/maps/place/Bar+%C4%90%E1%BB%93+Y%C3%AAu/data=!4m7!3m6!1s0x31421901d2e25265:0xada0ea668734ab97!8m2!3d16.0414028!4d108.2174683!16s%2Fg%2F11s1spy0qg!19sChIJZVLi0gEZQjERl6s0h2bqoK0?authuser=0&hl=vi&rclk=1,Bar ƒê·ªì Y√™u,"5,0",(18),Qu√°n bar,102 L√™ Thanh Ngh·ªã
https://www.google.com/maps/place/DanaBeach+Color/data=!4m7!3m6!1s0x3142172b3086dd3f:0x6afe8076062c9ac0!8m2!3d16.0474815!4d108.249492!16s%2Fg%2F11jbbs8p17!19sChIJP92GMCsXQjERwJosBnaA_mo?authuser=0&hl=vi&rclk=1,DanaBeach Color,"3,9",(66),Qu√°n bar,51 V√µ Nguy√™n Gi√°p
https://www.google.com/maps/place/Bar+%26+Pool/data=!4m7!3m6!1s0x3142173f5b66f335:0xeb27f4b4e4658605!8m2!3d16.0622492!4d108.2452392!16s%2Fg%2F11p567_fhq!19sChIJNfNmWz8XQjERBYZl5LT0J-s?authuser=0&hl=vi&rclk=1,Bar & Pool,"4,0",(1),Qu√°n bar,36 ƒê. L√¢m Ho√†nh
https://www.google.com/maps/place/The+West+Bar+-+Rooftop+of+Fivitel+Da+Nang+Hotel/data=!4m7!3m6!1s0x314219c0716abdbd:0xc864d1ce008810df!8m2!3d16.0521743!4d108.2328375!16s%2Fg%2F11t0tdkff2!19sChIJvb1qccAZQjER3xCIAM7RZMg?authuser=0&hl=vi&rclk=1,The West Bar - Rooftop of Fivitel Da Nang Hotel,,,Qu√°n bar,388 ƒê. Tr·∫ßn H∆∞ng ƒê·∫°o
https://www.google.com/maps/place/Boy+Beer/data=!4m7!3m6!1s0x314219cbae8e0729:0x41987a8dfb2b7987!8m2!3d16.061062!4d108.2174329!16s%2Fg%2F11qg2h075z!19sChIJKQeOrssZQjERh3kr-416mEE?authuser=0&hl=vi&rclk=1,Boy Beer,,,Qu√°n bar,K125 L√™ ƒê√¨nh D∆∞∆°ng
https://www.google.com/maps/place/Queen's+finger+Sky+Bar/data=!4m7!3m6!1s0x314217ec6a63acf7:0x528e6ba60e322a1!8m2!3d16.0508541!4d108.2454593!16s%2Fg%2F11j1k937v9!19sChIJ96xjauwXQjERoSLjYLrmKAU?authuser=0&hl=vi&rclk=1,Queen's finger Sky Bar,"2,0",(1),Qu√°n bar,155 L√™ Quang ƒê·∫°o
https://www.google.com/maps/place/The+Shamrock+Irish+Pub+Da+Nang/data=!4m7!3m6!1s0x314217bf16662189:0x8dd0f43a940f6eea!8m2!3d16.0494515!4d108.2463064!16s%2Fg%2F11pc2ryfl8!19sChIJiSFmFr8XQjER6m4PlDr00I0?authuser=0&hl=vi&rclk=1,The Shamrock Irish Pub Da Nang,"4,7",(74),Qu√°n r∆∞·ª£u Ai-len,1 An Th∆∞·ª£ng 4
https://www.google.com/maps/place/Minh+Black+House/data=!4m7!3m6!1s0x314211b8637c0bb5:0xccef54b3264e5cc9!8m2!3d16.0050469!4d108.2468111!16s%2Fg%2F11nx2y17fq!19sChIJtQt8Y7gRQjERyVxOJrNU78w?authuser=0&hl=vi&rclk=1,Minh Black House,"5,0",(3),Qu√°n bar,L√¥ 33 B2.133 KƒêT Nam
https://www.google.com/maps/place/Sam+Bar+and+Restaurant/data=!4m7!3m6!1s0x314217ff5aadb775:0x51aa796b62332098!8m2!3d16.0498537!4d108.2471558!16s%2Fg%2F11rzgv8031!19sChIJdbetWv8XQjERmCAzYmt5qlE?authuser=0&hl=vi&rclk=1,Sam Bar and Restaurant,,,Qu√°n bar,L√¥ 10A Ho√†ng K·∫ø Vi√™m
https://www.google.com/maps/place/Small+Talk/data=!4m7!3m6!1s0x314217f42802b27d:0x2ad425da801e35e0!8m2!3d16.0476371!4d108.2447888!16s%2Fg%2F11qm6y7302!19sChIJfbICKPQXQjER4DUegNol1Co?authuser=0&hl=vi&rclk=1,Small Talk,"4,6",(5),Qu√°n bar ca nh·∫°c tr·ª±c ti·∫øp,63 ƒê. Ng. Th√¨ Sƒ©
https://www.google.com/maps/place/Cty+sagawa/data=!4m7!3m6!1s0x31421b31c396558f:0x86a406cb0ecdd40a!8m2!3d16.002097!4d108.176223!16s%2Fg%2F11mvsdwss2!19sChIJj1WWwzEbQjERCtTNDssGpIY?authuser=0&hl=vi&rclk=1,Cty sagawa,"5,0",(2),Qu√°n bar,252G+RFQ
https://www.google.com/maps/place/Buffalo+beer+%26+coffee/data=!4m7!3m6!1s0x314219843ba61bc7:0xc0f1c4062325b4aa!8m2!3d16.0639042!4d108.2200413!16s%2Fg%2F11pq4z8gvp!19sChIJxxumO4QZQjERqrQlIwbE8cA?authuser=0&hl=vi&rclk=1,Buffalo beer & coffee,"4,8",(14),Qu√°n bia,159 Phan Ch√¢u Trinh
https://www.google.com/maps/place/Club+Pandora/data=!4m7!3m6!1s0x314217bcc9ba3795:0x7e66f9bcb0c47789!8m2!3d16.068421!4d108.2442118!16s%2Fg%2F11h3c9wpy_!19sChIJlTe6ybwXQjERiXfEsLz5Zn4?authuser=0&hl=vi&rclk=1,Club Pandora,"3,8",(61),Qu√°n bar,7 H√† B·ªïng
https://www.google.com/maps/place/Royal+Bar/data=!4m7!3m6!1s0x314219139e0311ff:0x348a666229371860!8m2!3d16.07981!4d108.2215484!16s%2Fg%2F11s4y2wb3s!19sChIJ_xEDnhMZQjERYBg3KWJmijQ?authuser=0&hl=vi&rclk=1,Royal Bar,"5,0",(6),Qu√°n bar,11a Phan B·ªôi Ch√¢u
https://www.google.com/maps/place/Autogrill+VFS+F%26B/data=!4m7!3m6!1s0x314219afb5c7003f:0xf66762f00907d540!8m2!3d16.0555109!4d108.2024091!16s%2Fg%2F11t5xgvynj!19sChIJPwDHta8ZQjERQNUHCfBiZ_Y?authuser=0&hl=vi&rclk=1,Autogrill VFS F&B,,,Qu√°n bar,"3642+5WH International Airport, Nguy·ªÖn VƒÉn Linh"
https://www.google.com/maps/place/Se7en+draft+beer/data=!4m7!3m6!1s0x31421bcd289f2fbd:0x1e7518b16ce96884!8m2!3d16.0203172!4d108.1959703!16s%2Fg%2F11qnr_6jqv!19sChIJvS-fKM0bQjERhGjpbLEYdR4?authuser=0&hl=vi&rclk=1,Se7en draft beer,,,Qu√°n bar,301 L√™ ƒê·∫°i H√†nh
https://www.google.com/maps/place/Karaoke+Anh+Ca/data=!4m7!3m6!1s0x3142177d0cdfc833:0x35a9d31f20a371a0!8m2!3d16.0534443!4d108.239273!16s%2Fg%2F11mvmn5r9g!19sChIJM8jfDH0XQjERoHGjIB_TqTU?authuser=0&hl=vi&rclk=1,Karaoke Anh Ca,"3,6",(16),Qu√°n bar karaoke,01 Ch√¢u Th·ªã Vƒ©nh T·∫ø
https://www.google.com/maps/place/Nos'7+sports+pub/data=!4m7!3m6!1s0x31421758fb8a84b9:0xbc8888b7ecaadf71!8m2!3d16.0688911!4d108.2379753!16s%2Fg%2F11t7cm5p7h!19sChIJuYSK-1gXQjERcd-q7LeIiLw?authuser=0&hl=vi&rclk=1,Nos'7 sports pub,"5,0",(1),Qu√°n bar,68 D. ƒê√¨nh Ngh·ªá
https://www.google.com/maps/place/Karaoke+Night+Club/data=!4m7!3m6!1s0x3142194440f712a9:0xb4333b4a8ff450ef!8m2!3d16.06452!4d108.180506!16s%2Fg%2F11ng67kwb8!19sChIJqRL3QEQZQjER71D0j0o7M7Q?authuser=0&hl=vi&rclk=1,Karaoke Night Club,"5,0",(2),Qu√°n bar karaoke,33 B√†u Tr·∫£ng 3
https://www.google.com/maps/place/Archer+KTV/data=!4m7!3m6!1s0x314219a2e323c8cb:0x3c51649518496a6f!8m2!3d16.0465089!4d108.235532!16s%2Fg%2F11q3nyhzbl!19sChIJy8gj46IZQjERb2pJGJVkUTw?authuser=0&hl=vi&rclk=1,Archer KTV,,,Qu√°n bar karaoke,3 H√†m T·ª≠
https://www.google.com/maps/place/Sevva+Sky+Lounge/data=!4m7!3m6!1s0x3142183c3f6c620f:0x1d8bbc5f13280182!8m2!3d16.0826018!4d108.2208473!16s%2Fg%2F11ggszc978!19sChIJD2JsPzwYQjERggEoE1-8ix0?authuser=0&hl=vi&rclk=1,Sevva Sky Lounge,"4,3",(66),Qu·∫ßy gi·∫£i kh√°t,20 ƒê·ªëng ƒêa
https://www.google.com/maps/place/Tiara+Lounge+%E3%82%AC%E3%83%BC%E3%83%AB%E3%82%BA%E3%83%90%E3%83%BC%EF%BC%86%E3%82%AB%E3%83%A9%E3%82%AA%E3%82%B1/data=!4m7!3m6!1s0x314219e260e7444f:0xc6694b75b9eb86a7!8m2!3d16.0787127!4d108.221986!16s%2Fg%2F11pzyfmm4y!19sChIJT0TnYOIZQjERp4bruXVLacY?authuser=0&hl=vi&rclk=1,Tiara Lounge „Ç¨„Éº„É´„Ç∫„Éê„ÉºÔºÜ„Ç´„É©„Ç™„Ç±,"4,7",(7),Qu√°n bar ti·∫øp vi√™n n·ªØ,31 Nguy·ªÖn Du
https://www.google.com/maps/place/Karaoke+Vip+%C4%90%C3%A0+N%E1%BA%B5ng+Queen+Palace/data=!4m7!3m6!1s0x3142184d02382ec1:0x81625328d6ee51b1!8m2!3d16.0311757!4d108.209973!16s%2Fg%2F1hc22x1r8!19sChIJwS44Ak0YQjERsVHu1ihTYoE?authuser=0&hl=vi&rclk=1,Karaoke Vip ƒê√† N·∫µng Queen Palace,"4,5",(162),Qu√°n bar karaoke,179 X√¥ Vi·∫øt Ngh·ªá Tƒ©nh
https://www.google.com/maps/place/C%C4%83n+tin+qu%C3%A1n/data=!4m7!3m6!1s0x31421f2e59d6d8b9:0x4d89b24fa94fb3bf!8m2!3d16.0979961!4d108.1409551!16s%2Fg%2F11my1wnzck!19sChIJudjWWS4fQjERv7NPqU-yiU0?authuser=0&hl=vi&rclk=1,CƒÉn tin qu√°n,"5,0",(6),Qu√°n r∆∞·ª£u,Nguy·ªÖn T·∫•t Th√†nh
https://www.google.com/maps/place/LEO+Night+Club/data=!4m7!3m6!1s0x3142183113c7ae69:0x497f362872f40e8e!8m2!3d16.0711806!4d108.2218738!16s%2Fg%2F11fz9wx6k0!19sChIJaa7HEzEYQjERjg70cig2f0k?authuser=0&hl=vi&rclk=1,LEO Night Club,"3,3",(16),Qu√°n bar,15-17 ƒê. L√™ Du·∫©n
https://www.google.com/maps/place/Karaoke+Tigone/data=!4m7!3m6!1s0x3142183a80cda1a7:0xdadc6c55b7af49df!8m2!3d16.0751412!4d108.2223548!16s%2Fg%2F1tk6sc_6!19sChIJp6HNgDoYQjER30mvt1Vs3No?authuser=0&hl=vi&rclk=1,Karaoke Tigone,,,Qu√°n bar karaoke,7 Quang Trung
https://www.google.com/maps/place/Anchor+Beer+Club/data=!4m7!3m6!1s0x314219b522bfd755:0xfdea89c224650826!8m2!3d16.0634057!4d108.2117934!16s%2Fg%2F11ckr6dzpv!19sChIJVde_IrUZQjERJghlJMKJ6v0?authuser=0&hl=vi&rclk=1,Anchor Beer Club,"4,3",(232),Nh√† h√†ng,29 Quang DuÃÉng
https://www.google.com/maps/place/Karaoke+nexttop+club/data=!4m7!3m6!1s0x314219eccf8efe75:0xe121722a1c03e59e!8m2!3d16.0340471!4d108.214657!16s%2Fg%2F11hbt77by1!19sChIJdf6Oz-wZQjERnuUDHCpyIeE?authuser=0&hl=vi&rclk=1,Karaoke nexttop club,"4,0",(138),Qu√°n bar karaoke,177 Hu·ª≥nh T·∫•n Ph√°t
https://www.google.com/maps/place/Sam+Beer+Club/data=!4m7!3m6!1s0x314217b142b344fd:0x3a7dd9985d1b4e44!8m2!3d16.048773!4d108.2427216!16s%2Fg%2F11sz1dbq9r!19sChIJ_USzQrEXQjERRE4bXZjZfTo?authuser=0&hl=vi&rclk=1,Sam Beer Club,,,Qu√°n r∆∞·ª£u,"An, 121 Ho√†ng K·∫ø Vi√™m"
https://www.google.com/maps/place/Ph%C3%B2ng+tr%C3%A0+Le+PARIS/data=!4m7!3m6!1s0x116ac8cf15b2879f:0xc2ceba06c61f0d1d!8m2!3d16.0740771!4d108.2235061!16s%2Fg%2F11b6_cmsl2!19sChIJn4eyFc_IahERHQ0fxga6zsI?authuser=0&hl=vi&rclk=1,Ph√≤ng tr√† Le PARIS,"4,2",(102),Qu√°n bar,36 ƒê. Tr·∫ßn Ph√∫
https://www.google.com/maps/place/Ph%C3%B2ng+Vip+Karaoke/data=!4m7!3m6!1s0x3142198764ef9763:0x95e52956faac8ef8!8m2!3d16.0213082!4d108.1981625!16s%2Fg%2F11rg2qdhpl!19sChIJY5fvZIcZQjER-I6s-lYp5ZU?authuser=0&hl=vi&rclk=1,Ph√≤ng Vip Karaoke,,,Qu√°n bar,256 L√™ ƒê·∫°i H√†nh
https://www.google.com/maps/place/Red+Dragon+Pub/data=!4m7!3m6!1s0x3142182cc85757b3:0xe420180306d44514!8m2!3d16.0638185!4d108.2302038!16s%2Fg%2F11fxvgd4_l!19sChIJs1dXyCwYQjERFEXUBgMYIOQ?authuser=0&hl=vi&rclk=1,Red Dragon Pub,"4,1",(97),Qu√°n bar,469 ƒê. Tr·∫ßn H∆∞ng ƒê·∫°o
https://www.google.com/maps/place/MAAD+CITY/data=!4m7!3m6!1s0x314217d3559b87c3:0x674ccf081ab9d7bd!8m2!3d16.0558569!4d108.2452806!16s%2Fg%2F11t26h3pjj!19sChIJw4ebVdMXQjERvde5GgjPTGc?authuser=0&hl=vi&rclk=1,MAAD CITY,"5,0",(28),Qu√°n r∆∞·ª£u,168 Nguy·ªÖn VƒÉn Tho·∫°i
https://www.google.com/maps/place/Wanderlust+Coffee+%26+Cocktail+Bar/data=!4m7!3m6!1s0x3142177b28997469:0x236819e26185a5ef!8m2!3d16.0511211!4d108.2464599!16s%2Fg%2F11f10dz873!19sChIJaXSZKHsXQjER76WFYeIZaCM?authuser=0&hl=vi&rclk=1,Wanderlust Coffee & Cocktail Bar,"4,5",(240),Qu√°n bar cocktail,"362W+CHW, An Th∆∞·ª£ng 30"
https://www.google.com/maps/place/Dubai+Karaoke/data=!4m7!3m6!1s0x314219920bdd7da3:0x310dee06535cb50c!8m2!3d16.0314459!4d108.2092459!16s%2Fg%2F11rgh76r2l!19sChIJo33dC5IZQjERDLVcUwbuDTE?authuser=0&hl=vi&rclk=1,Dubai Karaoke,,,Qu√°n bar karaoke,1426 X√¥ Vi·∫øt Ngh·ªá Tƒ©nh
https://www.google.com/maps/place/Karaoke+Rin+Rin/data=!4m7!3m6!1s0x3142177d773070fd:0xab7500c7ffa7b775!8m2!3d16.0540004!4d108.2388247!16s%2Fg%2F11c5sttzxj!19sChIJ_XAwd30XQjERdben_8cAdas?authuser=0&hl=vi&rclk=1,Karaoke Rin Rin,"3,8",(118),Qu√°n bar karaoke,34 Nguy·ªÖn VƒÉn Tho·∫°i
https://www.google.com/maps/place/Mercury+Karaoke/data=!4m7!3m6!1s0x314219ab5834a531:0xaf2fe7b6ca8c30d!8m2!3d16.0653573!4d108.1969138!16s%2Fg%2F11fz7jgqzv!19sChIJMaU0WKsZQjERDcOobHv-8go?authuser=0&hl=vi&rclk=1,Mercury Karaoke,"4,1",(141),Qu√°n bar karaoke,199 ƒêi·ªán Bi√™n Ph·ªß
https://www.google.com/maps/place/Karaoke+%C4%90%E1%BA%A3o+N%E1%BB%95i/data=!4m7!3m6!1s0x31421a21b36c2105:0x509a184d8bcce70!8m2!3d16.016562!4d108.2122956!16s%2Fg%2F11hd1qlt88!19sChIJBSFssyEaQjERcM682IShCQU?authuser=0&hl=vi&rclk=1,Karaoke ƒê·∫£o N·ªïi,"3,9",(93),Qu√°n bar karaoke,"2686+JWF, C·∫ßu ƒê·∫£o N·ªïi"
https://www.google.com/maps/place/w7+billiards+club/data=!4m7!3m6!1s0x3142171a0472c21d:0xe53618285493f764!8m2!3d16.0410002!4d108.2399875!16s%2Fg%2F11q3y6m706!19sChIJHcJyBBoXQjERZPeTVCgYNuU?authuser=0&hl=vi&rclk=1,w7 billiards club,"4,0",(1),Bar th·ªÉ thao,285 Ho√†i Thanh
https://www.google.com/maps/place/Mooniva+River+Club/data=!4m7!3m6!1s0x3142197a8c5bd8c1:0x3765b7f25524fcdd!8m2!3d16.0858664!4d108.2218495!16s%2Fg%2F11q4brtmnl!19sChIJwdhbjHoZQjER3fwkVfK3ZTc?authuser=0&hl=vi&rclk=1,Mooniva River Club,"4,3",(63),Qu√°n bia s√¢n v∆∞·ªùn,10 Nh∆∞ Nguy·ªát
https://www.google.com/maps/place/United+Bar/data=!4m7!3m6!1s0x3142183bd7a158a9:0xdff8b0889739f729!8m2!3d16.0797321!4d108.2198795!16s%2Fg%2F11fx91jxyg!19sChIJqVih1zsYQjERKfc5l4iw-N8?authuser=0&hl=vi&rclk=1,United Bar,"4,3",(35),Qu√°n bar,02 Nguy·ªÖn Ch√≠ Thanh
https://www.google.com/maps/place/MR.B%C3%92+TO+BEER+-+Nh%C3%A0+H%C3%A0ng+Bia+%C4%90%E1%BB%A9c+%C4%90%C3%A0+N%E1%BA%B5ng/data=!4m7!3m6!1s0x314219e2b6fd7933:0xefc4950e4c7d6e8e!8m2!3d16.0335387!4d108.2186816!16s%2Fg%2F11jp8pv29y!19sChIJM3n9tuIZQjERjm59TA6VxO8?authuser=0&hl=vi&rclk=1,MR.B√í TO BEER - Nh√† H√†ng Bia ƒê·ª©c ƒê√† N·∫µng,"4,6",(22),Qu√°n bia s√¢n v∆∞·ªùn,309 L√™ Thanh Ngh·ªã
https://www.google.com/maps/place/Th%E1%BB%8Bnh+Ph%C3%A1t/data=!4m7!3m6!1s0x3142199feef29175:0x1e6b98b6ff47329d!8m2!3d16.0564551!4d108.1672603!16s%2Fg%2F11jh940674!19sChIJdZHy7p8ZQjERnTJH_7aYax4?authuser=0&hl=vi&rclk=1,Th·ªãnh Ph√°t,"4,5",(4),Qu√°n bia,07 Ho√†ng VƒÉn Th√°i
https://www.google.com/maps/place/Gradeli+Beer+-+Nh%C3%A0+h%C3%A0ng+Bia+T%C6%B0%C6%A1i+%C4%90%C3%A0+N%E1%BA%B5ng/data=!4m7!3m6!1s0x3142191da048333d:0xbb292a53b133c6ad!8m2!3d16.0400798!4d108.2172039!16s%2Fg%2F11gy5jfr8q!19sChIJPTNIoB0ZQjERrcYzsVMqKbs?authuser=0&hl=vi&rclk=1,Gradeli Beer - Nh√† h√†ng Bia T∆∞∆°i ƒê√† N·∫µng,"4,1",(143),Qu√°n bia s√¢n v∆∞·ªùn,"L√¥ A37, ƒê∆∞·ªùng 30/4"
https://www.google.com/maps/place/Karaoke+Bin+Bin/data=!4m7!3m6!1s0x314219edb3850357:0x28329cf2fe9e548d!8m2!3d16.0329491!4d108.2180679!16s%2Fg%2F1hc5wxfsr!19sChIJVwOFs-0ZQjERjVSe_vKcMig?authuser=0&hl=vi&rclk=1,Karaoke Bin Bin,"3,9",(196),Qu√°n bar karaoke,105 Huy C·∫≠n
https://www.google.com/maps/place/Karaoke+Chu%C3%B4ng+Gi%C3%B3/data=!4m7!3m6!1s0x314219b09ab02fa9:0x2a6266b80e3933db!8m2!3d16.0547661!4d108.2052128!16s%2Fg%2F11c1n39v4k!19sChIJqS-wmrAZQjER2zM5DrhmYio?authuser=0&hl=vi&rclk=1,Karaoke Chu√¥ng Gi√≥,"4,2",(19),Qu√°n bar karaoke,02 Man Thi·ªán
https://www.google.com/maps/place/%C3%89CLAT+-+creative+caf%C3%A9+%26+bar/data=!4m7!3m6!1s0x3142183c0d1f0001:0x322161313134d590!8m2!3d16.0815293!4d108.2213373!16s%2Fg%2F11hbv8hwgf!19sChIJAQAfDTwYQjERkNU0MTFhITI?authuser=0&hl=vi&rclk=1,√âCLAT - creative caf√© & bar,"4,9",(98),Qu√°n bar cocktail,14 Tr·∫ßn Qu√Ω C√°p
https://www.google.com/maps/place/KARAOKE+KITTY/data=!4m7!3m6!1s0x31421b1f3f4b2859:0xcf425f60509944b2!8m2!3d15.9759776!4d108.1832609!16s%2Fg%2F11jl97ndn8!19sChIJWShLPx8bQjERskSZUGBfQs8?authuser=0&hl=vi&rclk=1,KARAOKE KITTY,"3,6",(5),Qu√°n bar,"X5GM+98R, ƒêT605"
https://www.google.com/maps/place/Karaoke+Rin+Rin/data=!4m7!3m6!1s0x314219edb385ada3:0x3e24ecfccf44e152!8m2!3d16.032954!4d108.2181179!16s%2Fg%2F11g9hc7lk6!19sChIJo62Fs-0ZQjERUuFEz_zsJD4?authuser=0&hl=vi&rclk=1,Karaoke Rin Rin,"4,3",(3),Qu√°n bar karaoke,101 Huy C·∫≠n
https://www.google.com/maps/place/Karaoke+Newlife/data=!4m7!3m6!1s0x31421833777404c9:0x978af8f0f1249a4b!8m2!3d16.0670754!4d108.2208496!16s%2Fg%2F1tk8l1qh!19sChIJyQR0dzMYQjERS5ok8fD4ipc?authuser=0&hl=vi&rclk=1,Karaoke Newlife,"3,8",(52),Qu√°n bar karaoke,152 Nguy·ªÖn Ch√≠ Thanh
https://www.google.com/maps/place/Radio+Dublin+Irish+Pub/data=!4m7!3m6!1s0x314217be21a5fa4b:0x8c71b0beff2efa6f!8m2!3d16.049754!4d108.2472641!16s%2Fg%2F11rss1d5d5!19sChIJS_qlIb4XQjERb_ou_76wcYw?authuser=0&hl=vi&rclk=1,Radio Dublin Irish Pub,"4,8",(33),Qu√°n r∆∞·ª£u Ai-len,1 An Th∆∞·ª£ng 2
https://www.google.com/maps/place/Karaoke+T%C3%A2y+Nguy%C3%AAn/data=!4m7!3m6!1s0x314219d6ff47a8d3:0x7ef7ed5cbdc89d5!8m2!3d16.0546117!4d108.2346653!16s%2Fg%2F11b67qjkrk!19sChIJ06hH_9YZQjER1Yncy9V-7wc?authuser=0&hl=vi&rclk=1,Karaoke T√¢y Nguy√™n,,,Qu√°n bar karaoke,24 Tr·∫ßn Quang Di·ªáu
https://www.google.com/maps/place/Karaoke+Giai+%C4%90i%E1%BB%87u+Ti%E1%BB%83u+La/data=!4m7!3m6!1s0x314219c16c0b6e51:0xda187f4b5c1e97ab!8m2!3d16.0454011!4d108.2187546!16s%2Fg%2F11c6dzsq9y!19sChIJUW4LbMEZQjERq5ceXEt_GNo?authuser=0&hl=vi&rclk=1,Karaoke Giai ƒêi·ªáu Ti·ªÉu La,"3,7",(102),Qu√°n bar karaoke,113 Ti·ªÉu La
https://www.google.com/maps/place/Draft+Beer+%F0%9F%8D%BB+Novotel/data=!4m7!3m6!1s0x314219e8a15aa4c3:0x44a6d104be7bdddf!8m2!3d16.0770508!4d108.2238672!16s%2Fg%2F11ghn7_njx!19sChIJw6RaoegZQjER3917vgTRpkQ?authuser=0&hl=vi&rclk=1,Draft Beer üçª Novotel,"4,1",(97),Qu√°n bia s√¢n v∆∞·ªùn,38 B·∫°ch ƒê·∫±ng
https://www.google.com/maps/place/Qu%C3%A1n+Karaoke+To%C3%A0n+Ny/data=!4m7!3m6!1s0x31421929914d3285:0x9c1ba4008eba79b6!8m2!3d16.068394!4d108.1499434!16s%2Fg%2F11f3n33b6w!19sChIJhTJNkSkZQjERtnm6jgCkG5w?authuser=0&hl=vi&rclk=1,Qu√°n Karaoke To√†n Ny,"4,4",(14),Qu√°n bar karaoke,53 Ng√¥ VƒÉn S·ªü
https://www.google.com/maps/place/Karaoke+Gia+%C4%90%C3%ACnh/data=!4m7!3m6!1s0x31421911e533d7ad:0xbae2a8eb00b49206!8m2!3d16.0515936!4d108.1777579!16s%2Fg%2F11cs31rtfg!19sChIJrdcz5REZQjERBpK0AOuo4ro?authuser=0&hl=vi&rclk=1,Karaoke Gia ƒê√¨nh,,,Qu√°n bar karaoke,352H+J4J
https://www.google.com/maps/place/Karaoke+Melody/data=!4m7!3m6!1s0x3142192995976bc9:0x7aea201e24a33384!8m2!3d16.0685579!4d108.1502705!16s%2Fg%2F1v26jlq6!19sChIJyWuXlSkZQjERhDOjJB4g6no?authuser=0&hl=vi&rclk=1,Karaoke Melody,"3,7",(65),Qu√°n bar karaoke,39 Ng√¥ VƒÉn S·ªü
https://www.google.com/maps/place/Lounge+Beach+Bar+%26+Restaurant/data=!4m7!3m6!1s0x314217aca86a2379:0x3ed4268aa3b17516!8m2!3d16.0673186!4d108.2459275!16s%2Fg%2F11rw7c1p4v!19sChIJeSNqqKwXQjERFnWxo4om1D4?authuser=0&hl=vi&rclk=1,Lounge Beach Bar & Restaurant,"4,5",(29),M√≥n n∆∞·ªõng,1C V√µ Nguy√™n Gi√°p
https://www.google.com/maps/place/Fatfish+Restaurant+%26+Lounge+Bar/data=!4m7!3m6!1s0x3142182ceeed1a37:0xe27c84359c53b1e5!8m2!3d16.064949!4d108.2300338!16s%2Fg%2F11b8tnp0rh!19sChIJNxrt7iwYQjER5bFTnDWEfOI?authuser=0&hl=vi&rclk=1,Fatfish Restaurant & Lounge Bar,"4,4",(575),Qu√°n bar,439 ƒê. Tr·∫ßn H∆∞ng ƒê·∫°o
https://www.google.com/maps/place/Karaoke+Tr%E1%BB%B1c+Tuy%E1%BA%BFn/data=!4m7!3m6!1s0x31421bab8127054f:0xccc6327f5e501f92!8m2!3d15.9821086!4d108.1870769!16s%2Fg%2F11rq22lnjs!19sChIJTwUngasbQjERkh9QXn8yxsw?authuser=0&hl=vi&rclk=1,Karaoke Tr·ª±c Tuy·∫øn,,,Qu√°n bar,"X5JP+RRW, ƒêT605"
https://www.google.com/maps/place/Skybar/data=!4m7!3m6!1s0x3142182c7d17e3e9:0xee71585e45acf5d!8m2!3d16.0661913!4d108.2312099!16s%2Fg%2F11bxdmzh8x!19sChIJ6eMXfSwYQjERXc9a5IUV5w4?authuser=0&hl=vi&rclk=1,Skybar,"4,0",(4),Nh√† h√†ng,01 Mai H·∫Øc ƒê·∫ø