link,name,avgRating,numOfRating,category,price,plusCode
https://www.google.com/maps/place/Ph%C3%BAc+Thanh+Hotel/data=!4m10!3m9!1s0x3142177b8ff7cf3d:0x7beeed4dbcdf6786!5m2!4m1!1i2!8m2!3d16.05425!4d108.244369!16s%2Fg%2F11hd4zhn2f!19sChIJPc_3j3sXQjERhmffvE3t7ns?authuser=0&hl=vi&rclk=1,Phúc Thanh Hotel,4.1,57,Khách sạn 3 sao,267 N,
https://www.google.com/maps/place/Light+House+Hostel+Da+Nang/data=!4m10!3m9!1s0x314217651a7eecb7:0x54e88d5fbb7d2a3a!5m2!4m1!1i2!8m2!3d16.048524!4d108.247373!16s%2Fg%2F11fflzg498!19sChIJt-x-GmUXQjEROip9u1-N6FQ?authuser=0&hl=vi&rclk=1,Light House Hostel Da Nang,4.4,64,Khách sạn 1 sao,360 N,
https://www.google.com/maps/place/Hanami+Hotel+Danang/data=!4m10!3m9!1s0x3142176372388b9f:0x8b97363057db4165!5m2!4m1!1i2!8m2!3d16.0487914!4d108.2430218!16s%2Fg%2F11gfhdk5qk!19sChIJn4s4cmMXQjERZUHbVzA2l4s?authuser=0&hl=vi&rclk=1,Hanami Hotel Danang,4.7,710,Khách sạn 3 sao,346 N,
https://www.google.com/maps/place/M%C6%B0%E1%BB%9Dng+Thanh+Luxury+%C4%90%C3%A0+N%E1%BA%B5ng+Hotel/data=!4m10!3m9!1s0x3142177a5081b45b:0x1dba027958889476!5m2!4m1!1i2!8m2!3d16.0537175!4d108.2473636!16s%2Fg%2F11g7316zh1!19sChIJW7SBUHoXQjERdpSIWHkCuh0?authuser=0&hl=vi&rclk=1,Mường Thanh Luxury Đà Nẵng Hotel,4.3,3385,Khách sạn 5 sao,"1,19 Tr",
https://www.google.com/maps/place/Santori+Hotel+%26+Spa/data=!4m10!3m9!1s0x3142193145244fef:0x923372f27292c5b!5m2!4m1!1i2!8m2!3d16.0541785!4d108.2325915!16s%2Fg%2F11j96t506g!19sChIJ708kRTEZQjERWywpJy83Iwk?authuser=0&hl=vi&rclk=1,Santori Hotel & Spa,4.7,33,Khách sạn,600 N,
https://www.google.com/maps/place/Dana+Marina+Hotel/data=!4m10!3m9!1s0x314217821e167501:0x8f88c07f116faa34!5m2!4m1!1i2!8m2!3d16.063175!4d108.2436467!16s%2Fg%2F11dd_r_sjv!19sChIJAXUWHoIXQjERNKpvEX_AiI8?authuser=0&hl=vi&rclk=1,Dana Marina Hotel,4.1,367,Khách sạn 3 sao,565 N,
https://www.google.com/maps/place/M%C6%B0%E1%BB%9Dng+Thanh+Grand+%C4%90%C3%A0+N%E1%BA%B5ng+Hotel/data=!4m10!3m9!1s0x314219f5540b195d:0x4476dc3ffe0f3386!5m2!4m1!1i2!8m2!3d16.0648162!4d108.2330777!16s%2Fg%2F11jff73my_!19sChIJXRkLVPUZQjERhjMP_j_cdkQ?authuser=0&hl=vi&rclk=1,Mường Thanh Grand Đà Nẵng Hotel,4.3,224,Khách sạn 4 sao,782 N,
https://www.google.com/maps/place/May+Beach+%C4%90%C3%A0+N%E1%BA%B5ng+Hotel/data=!4m10!3m9!1s0x314217d3158a4ea7:0xc1d0efa99527d265!5m2!4m1!1i2!8m2!3d16.0519118!4d108.2462633!16s%2Fg%2F11q41r_gd7!19sChIJp06KFdMXQjERZdInlanv0ME?authuser=0&hl=vi&rclk=1,May Beach Đà Nẵng Hotel,4.8,26,Khách sạn,425 N,
https://www.google.com/maps/place/Sala+Danang+Beach+Hotel/data=!4m10!3m9!1s0x31421778a1a1ec31:0x22e751e30a3a2ba8!5m2!4m1!1i2!8m2!3d16.0622492!4d108.2452392!16s%2Fg%2F11h8d6kpqf!19sChIJMeyhoXgXQjERqCs6CuNR5yI?authuser=0&hl=vi&rclk=1,Sala Danang Beach Hotel,4.6,906,Khách sạn 4 sao,"1,27 Tr",
https://www.google.com/maps/place/Raon+Apartment+%26+Hotel/data=!4m10!3m9!1s0x31421786320ca18d:0xf6dcd6db9383330b!5m2!4m1!1i2!8m2!3d16.0728766!4d108.2410743!16s%2Fg%2F11f55n0fcs!19sChIJjaEMMoYXQjERCzODk9vW3PY?authuser=0&hl=vi&rclk=1,Raon Apartment & Hotel,4.6,205,Khách sạn 3 sao,301 N,
https://www.google.com/maps/place/Gold+Hotel/data=!4m10!3m9!1s0x314219cf4b187463:0xb8f80f2c6f2113cb!5m2!4m1!1i2!8m2!3d16.0539436!4d108.2201004!16s%2Fg%2F119wyv3s2!19sChIJY3QYS88ZQjERyxMhbywP-Lg?authuser=0&hl=vi&rclk=1,Gold Hotel,3.8,282,Khách sạn 3 sao,375 N,
https://www.google.com/maps/place/King+House+Villa+Hotel/data=!4m10!3m9!1s0x314219d4960a9827:0x6189df3be311e38!5m2!4m1!1i2!8m2!3d16.0636803!4d108.2398992!16s%2Fg%2F11fjs79q_9!19sChIJJ5gKltQZQjEROB4xvvOdGAY?authuser=0&hl=vi&rclk=1,King House Villa Hotel,4.2,164,Khách sạn 3 sao,377 N,
https://www.google.com/maps/place/Kh%C3%A1ch+s%E1%BA%A1n+Elly's+Home+%C4%90%C3%A0+N%E1%BA%B5ng/data=!4m10!3m9!1s0x3142178160ee5555:0x8f475d2a562017aa!5m2!4m1!1i2!8m2!3d16.0662141!4d108.2434399!16s%2Fg%2F11spxcvg20!19sChIJVVXuYIEXQjERqhcgVipdR48?authuser=0&hl=vi&rclk=1,Khách sạn Elly's Home Đà Nẵng,4.9,168,Khách sạn,240 N,
https://www.google.com/maps/place/Diamond+Sea+Hotel/data=!4m10!3m9!1s0x31421783ecacb2cd:0x1b3ab65dcfd4ff59!5m2!4m1!1i2!8m2!3d16.0665018!4d108.2450398!16s%2Fg%2F1pp2vgq8x!19sChIJzbKs7IMXQjERWf_Uz122Ohs?authuser=0&hl=vi&rclk=1,Diamond Sea Hotel,4.2,1074,Khách sạn 4 sao,796 N,
https://www.google.com/maps/place/Century+hotel+Da+Nang/data=!4m10!3m9!1s0x31421781dbf1e2e5:0xacc6709cfb9e315a!5m2!4m1!1i2!8m2!3d16.0626923!4d108.2417338!16s%2Fg%2F11nnggkxzv!19sChIJ5eLx24EXQjERWjGe-5xwxqw?authuser=0&hl=vi&rclk=1,Century hotel Da Nang,4.8,19,Khách sạn,549 N,
https://www.google.com/maps/place/Kh%C3%A1ch+s%E1%BA%A1n+M%C6%B0%E1%BB%9Dng+Thanh+Luxury+S%C3%B4ng+H%C3%A0n/data=!4m10!3m9!1s0x314219c48567b049:0xeb2bbf7249e27f21!5m2!4m1!1i2!8m2!3d16.0602525!4d108.2168229!16s%2Fg%2F11fkq089rk!19sChIJSbBnhcQZQjERIX_iSXK_K-s?authuser=0&hl=vi&rclk=1,Khách sạn Mường Thanh Luxury Sông Hàn,4.2,470,Khách sạn 5 sao,871 N,
https://www.google.com/maps/place/Haian+Riverfront+Da+Nang+Hotel/data=!4m10!3m9!1s0x314218328cba5f7b:0x2aff1fe3766a6839!5m2!4m1!1i2!8m2!3d16.0661896!4d108.2244309!16s%2Fg%2F11j99sqt9n!19sChIJe1-6jDIYQjEROWhqduMf_yo?authuser=0&hl=vi&rclk=1,Haian Riverfront Da Nang Hotel,4.4,112,Khách sạn 4 sao,844 N,
https://www.google.com/maps/place/Danang+Golden+Bay+Hotel/data=!4m10!3m9!1s0x3142180fe0af6541:0x7286a33cefda8ba!5m2!4m1!1i2!8m2!3d16.0977009!4d108.2246456!16s%2Fg%2F11f15k0jvs!19sChIJQWWv4A8YQjERuqj9zjNqKAc?authuser=0&hl=vi&rclk=1,Danang Golden Bay Hotel,4.4,3038,Khách sạn 5 sao,"1,55 Tr",
https://www.google.com/maps/place/AOA+Da+Nang+Hotel/data=!4m10!3m9!1s0x314217a6a7569871:0x4dab9b506594c9a0!5m2!4m1!1i2!8m2!3d16.0493217!4d108.2479231!16s%2Fg%2F11rfb36_wg!19sChIJcZhWp6YXQjERoMmUZVCbq00?authuser=0&hl=vi&rclk=1,AOA Da Nang Hotel,4.2,21,Khách sạn,255 N,
https://www.google.com/maps/place/Avora+Hotel+Danang/data=!4m10!3m9!1s0x314218328a239181:0x1aec05ff9c39618a!5m2!4m1!1i2!8m2!3d16.0665722!4d108.224617!16s%2Fg%2F11dx8m5ysm!19sChIJgZEjijIYQjERimE5nP8F7Bo?authuser=0&hl=vi&rclk=1,Avora Hotel Danang,4.1,463,Khách sạn 3 sao,620 N,
https://www.google.com/maps/place/Raon+Danang+Beach+Hotel/data=!4m10!3m9!1s0x3142177b2f4e7db5:0xd84f20670f9a5cda!5m2!4m1!1i2!8m2!3d16.0510673!4d108.2462692!16s%2Fg%2F11fx7tzn2_!19sChIJtX1OL3sXQjER2lyaD2cgT9g?authuser=0&hl=vi&rclk=1,Raon Danang Beach Hotel,4.4,336,Khách sạn 3 sao,634 N,
https://www.google.com/maps/place/Kh%C3%A1ch+s%E1%BA%A1n+Lavencos+bi%E1%BB%83n+M%E1%BB%B9+Kh%C3%AA+%C4%90%C3%A0+N%E1%BA%B5ng/data=!4m10!3m9!1s0x314217ba7a0a7997:0x205a72d70ea08eb5!5m2!4m1!1i2!8m2!3d16.0436211!4d108.247605!16s%2Fg%2F11q41kmdh4!19sChIJl3kKeroXQjERtY6gDtdyWiA?authuser=0&hl=vi&rclk=1,Khách sạn Lavencos biển Mỹ Khê Đà Nẵng,4.8,72,Khách sạn,598 N,
https://www.google.com/maps/place/Kh%C3%A1ch+s%E1%BA%A1n+Novotel+%C4%90%C3%A0+N%E1%BA%B5ng/data=!4m10!3m9!1s0x3142183afab4a42d:0xd52dbe9e28e83835!5m2!4m1!1i2!8m2!3d16.077357!4d108.2236583!16s%2Fg%2F11xcxx_4h!19sChIJLaS0-joYQjERNTjoKJ6-LdU?authuser=0&hl=vi&rclk=1,Khách sạn Novotel Đà Nẵng,4.5,4305,Khách sạn 5 sao,"2,27 Tr",
https://www.google.com/maps/place/Le+House+Boutique+Hotel/data=!4m10!3m9!1s0x31421783dcc4ef4f:0xf3548bc750259500!5m2!4m1!1i2!8m2!3d16.0668365!4d108.244431!16s%2Fg%2F11bxdtg5cp!19sChIJT-_E3IMXQjERAJUlUMeLVPM?authuser=0&hl=vi&rclk=1,Le House Boutique Hotel,4.0,254,Khách sạn 3 sao,438 N,
https://www.google.com/maps/place/Kh%C3%A1ch+s%E1%BA%A1n+Lavencos+bi%E1%BB%83n+M%E1%BB%B9+Kh%C3%AA+%C4%90%C3%A0+N%E1%BA%B5ng/data=!4m10!3m9!1s0x314217ba7a0a7997:0x205a72d70ea08eb5!5m2!4m1!1i2!8m2!3d16.0436211!4d108.247605!16s%2Fg%2F11q41kmdh4!19sChIJl3kKeroXQjERtY6gDtdyWiA?authuser=0&hl=vi&rclk=1,Khách sạn Lavencos biển Mỹ Khê Đà Nẵng,4.8,72,Khách sạn,598 N,
https://www.google.com/maps/place/Danang+Golden+Bay+Hotel/data=!4m10!3m9!1s0x3142180fe0af6541:0x7286a33cefda8ba!5m2!4m1!1i2!8m2!3d16.0977009!4d108.2246456!16s%2Fg%2F11f15k0jvs!19sChIJQWWv4A8YQjERuqj9zjNqKAc?authuser=0&hl=vi&rclk=1,Danang Golden Bay Hotel,4.4,3038,Khách sạn 5 sao,"1,55 Tr",
https://www.google.com/maps/place/Le+House+Hotel+%26+Studio/data=!4m10!3m9!1s0x3142199363a15a35:0xb21435d43cdb7e3a!5m2!4m1!1i2!8m2!3d16.0773965!4d108.1646725!16s%2Fg%2F11h52n734g!19sChIJNVqhY5MZQjEROn7bPNQ1FLI?authuser=0&hl=vi&rclk=1,Le House Hotel & Studio,4.6,59,Khách sạn,258 N,
https://www.google.com/maps/place/Eden+Ocean+View+%C4%90%C3%A0+N%E1%BA%B5ng/data=!4m10!3m9!1s0x31421774fd18bf0b:0x7b0011a1b0a5d19c!5m2!4m1!1i2!8m2!3d16.0509613!4d108.248331!16s%2Fg%2F11fp1l7z5j!19sChIJC78Y_XQXQjERnNGlsKERAHs?authuser=0&hl=vi&rclk=1,Eden Ocean View Đà Nẵng,4.0,184,Khách sạn 5 sao,649 N,
https://www.google.com/maps/place/The+Herriott+Hotel+%26+Suite/data=!4m10!3m9!1s0x3142178791bc0419:0x95f05bf7e3af77d9!5m2!4m1!1i2!8m2!3d16.0718834!4d108.238671!16s%2Fg%2F11f4wtk8wb!19sChIJGQS8kYcXQjER2Xev4_db8JU?authuser=0&hl=vi&rclk=1,The Herriott Hotel & Suite,4.0,308,Khách sạn 3 sao,616 N,
https://www.google.com/maps/place/Soho+Boutique+Hotel+Da+Nang/data=!4m10!3m9!1s0x3142178405d8f1fd:0xd2b5638d4344c8d9!5m2!4m1!1i2!8m2!3d16.0680901!4d108.2443257!16s%2Fg%2F11f3m97mf0!19sChIJ_fHYBYQXQjER2chEQ41jtdI?authuser=0&hl=vi&rclk=1,Soho Boutique Hotel Da Nang,4.2,125,Khách sạn 3 sao,502 N,
https://www.google.com/maps/place/Adaline+Hotel+%26+Suite/data=!4m10!3m9!1s0x314217821e64262b:0x61a9113df756b76c!5m2!4m1!1i2!8m2!3d16.0631916!4d108.243739!16s%2Fg%2F11c2q18k7_!19sChIJKyZkHoIXQjERbLdW9z0RqWE?authuser=0&hl=vi&rclk=1,Adaline Hotel & Suite,4.2,513,Khách sạn 3 sao,452 N,
https://www.google.com/maps/place/Kh%C3%A1ch+s%E1%BA%A1n+Th%C3%A1i+B%C3%ACnh+D%C6%B0%C6%A1ng/data=!4m10!3m9!1s0x314218349feb8845:0xa8feb92d3013f110!5m2!4m1!1i2!8m2!3d16.0657195!4d108.2199161!16s%2Fg%2F1vd73c_c!19sChIJRYjrnzQYQjEREPETMC25_qg?authuser=0&hl=vi&rclk=1,Khách sạn Thái Bình Dương,3.6,188,Khách sạn 3 sao,246 N,
https://www.google.com/maps/place/Sea+Phoenix+Hotel/data=!4m10!3m9!1s0x31421767c4da0ea3:0xe233750a836eb2ca!5m2!4m1!1i2!8m2!3d16.040961!4d108.248351!16s%2Fg%2F11b7vxst6_!19sChIJow7axGcXQjERyrJugwp1M-I?authuser=0&hl=vi&rclk=1,Sea Phoenix Hotel,3.9,438,Khách sạn 3 sao,573 N,
https://www.google.com/maps/place/Seahorse+Hostel+%26+Bar+by+HAVI/data=!4m10!3m9!1s0x314219c028eb4383:0xe96f39bf22c8280a!5m2!4m1!1i2!8m2!3d16.0677959!4d108.2245421!16s%2Fg%2F11fhrhm73t!19sChIJg0PrKMAZQjERCijIIr85b-k?authuser=0&hl=vi&rclk=1,Seahorse Hostel & Bar by HAVI,4.6,200,Nhà trọ,300 N,
https://www.google.com/maps/place/Dang's+Hotel/data=!4m10!3m9!1s0x314219d354fd5319:0xd7074f4e4839f4c3!5m2!4m1!1i2!8m2!3d16.0629988!4d108.2316334!16s%2Fg%2F11gkbmn48j!19sChIJGVP9VNMZQjERw_Q5SE5PB9c?authuser=0&hl=vi&rclk=1,Dang's Hotel,4.4,38,Khách sạn,378 N,
https://www.google.com/maps/place/Fivitel+Danang+Hotel/data=!4m10!3m9!1s0x314219d7590cbd69:0xee68199c5717ac79!5m2!4m1!1i2!8m2!3d16.0521669!4d108.2328437!16s%2Fg%2F11g9vlsh9b!19sChIJab0MWdcZQjEReawXV5wZaO4?authuser=0&hl=vi&rclk=1,Fivitel Danang Hotel,4.4,745,Khách sạn,773 N,
https://www.google.com/maps/place/AVORA+Boutique+Hotel/data=!4m10!3m9!1s0x3142191cf8055797:0x1241956b402aca84!5m2!4m1!1i2!8m2!3d16.0707707!4d108.2153345!16s%2Fg%2F11gxjtx0hw!19sChIJl1cF-BwZQjERhMoqQGuVQRI?authuser=0&hl=vi&rclk=1,AVORA Boutique Hotel,4.4,211,Khách sạn 3 sao,532 N,
https://www.google.com/maps/place/Valentine+Hotel/data=!4m10!3m9!1s0x31421783f78048f9:0xe8a54dc693174273!5m2!4m1!1i2!8m2!3d16.0674839!4d108.2444458!16s%2Fg%2F11cnc5h325!19sChIJ-UiA94MXQjERc0IXk8ZNpeg?authuser=0&hl=vi&rclk=1,Valentine Hotel,3.9,231,Khách sạn 2 sao,316 N,
https://www.google.com/maps/place/Sofia+Suite+Hotel+Da+Nang/data=!4m10!3m9!1s0x3142177b342cd561:0xe069bfb7f931020!5m2!4m1!1i2!8m2!3d16.054959!4d108.2441299!16s%2Fg%2F11c5g_sscn!19sChIJYdUsNHsXQjERIBCTf_ubBg4?authuser=0&hl=vi&rclk=1,Sofia Suite Hotel Da Nang,4.5,367,Khách sạn 3 sao,412 N,
https://www.google.com/maps/place/Haian+Beach+Hotel+%26+Spa/data=!4m10!3m9!1s0x3142177a5e88b85b:0x6efe50bad84535c3!5m2!4m1!1i2!8m2!3d16.0530442!4d108.2475282!16s%2Fg%2F11f66td7p7!19sChIJW7iIXnoXQjERwzVF2LpQ_m4?authuser=0&hl=vi&rclk=1,Haian Beach Hotel & Spa,4.3,1002,Khách sạn 4 sao,"1,04 Tr",
https://www.google.com/maps/place/SUNNY+BEACH+HOTEL+%26+APARTMENT/data=!4m10!3m9!1s0x3142197ca4f3968f:0x1b6c2035272e202a!5m2!4m1!1i2!8m2!3d16.0697665!4d108.2352729!16s%2Fg%2F11t5k9bps1!19sChIJj5bzpHwZQjERKiAuJzUgbBs?authuser=0&hl=vi&rclk=1,SUNNY BEACH HOTEL & APARTMENT,5.0,1,Khách sạn 2 sao,375 N,
https://www.google.com/maps/place/Fusion+Suites+Da+Nang/data=!4m10!3m9!1s0x3142178da9720b99:0x79a511f54df7b9b1!5m2!4m1!1i2!8m2!3d16.0811443!4d108.2469848!16s%2Fg%2F11b7l81m0j!19sChIJmQtyqY0XQjERsbn3TfURpXk?authuser=0&hl=vi&rclk=1,Fusion Suites Da Nang,4.4,1480,Khách sạn 5 sao,"1,41 Tr",
https://www.google.com/maps/place/Angel+Hotel+Danang/data=!4m10!3m9!1s0x3142178163a72ff3:0x40fe2d178e83add4!5m2!4m1!1i2!8m2!3d16.0679729!4d108.2433746!16s%2Fg%2F11yfk34qy!19sChIJ8y-nY4EXQjER1K2Djhct_kA?authuser=0&hl=vi&rclk=1,Angel Hotel Danang,4.1,168,Khách sạn 3 sao,383 N,
https://www.google.com/maps/place/Maris+Da+Nang+Hotel+%26+Apartment/data=!4m10!3m9!1s0x3142182b93b4f4f7:0xaafc648896fb1c34!5m2!4m1!1i2!8m2!3d16.0639698!4d108.2333456!16s%2Fg%2F11qqnx7gv9!19sChIJ9_S0kysYQjERNBz7lohk_Ko?authuser=0&hl=vi&rclk=1,Maris Da Nang Hotel & Apartment,4.4,10,Khách sạn,366 N,
https://www.google.com/maps/place/Eden+Plaza+%C4%90%C3%A0+N%E1%BA%B5ng/data=!4m10!3m9!1s0x314219c724777be3:0x69e63b50f21f87bb!5m2!4m1!1i2!8m2!3d16.0483905!4d108.2164463!16s%2Fg%2F1hhxbdyjh!19sChIJ43t3JMcZQjERu4cf8lA75mk?authuser=0&hl=vi&rclk=1,Eden Plaza Đà Nẵng,4.0,1074,Khách sạn 4 sao,678 N,
https://www.google.com/maps/place/New+Tourane+Hotel/data=!4m10!3m9!1s0x31421799fdd281eb:0x4d8732e2f3cfea43!5m2!4m1!1i2!8m2!3d16.0632952!4d108.2391184!16s%2Fg%2F11h9lk6b_g!19sChIJ64HS_ZkXQjERQ-rP8-Iyh00?authuser=0&hl=vi&rclk=1,New Tourane Hotel,5.0,7,Khách sạn,270 N,
https://www.google.com/maps/place/Vitalis+Riverside+Hotel/data=!4m10!3m9!1s0x31421823822beeab:0xf45b7e33ed38e159!5m2!4m1!1i2!8m2!3d16.0806861!4d108.2290217!16s%2Fg%2F11f66h44c1!19sChIJq-4rgiMYQjERWeE47TN-W_Q?authuser=0&hl=vi&rclk=1,Vitalis Riverside Hotel,4.2,90,Khách sạn 3 sao,165 N,
https://www.google.com/maps/place/Risemount+Premier+Resort+%C4%90%C3%A0+N%E1%BA%B5ng/data=!4m10!3m9!1s0x3142177c46837343:0xf40f5197d1ba3cb1!5m2!4m1!1i2!8m2!3d16.0546179!4d108.2420798!16s%2Fg%2F11cr_gdp6p!19sChIJQ3ODRnwXQjERsTy60ZdRD_Q?authuser=0&hl=vi&rclk=1,Risemount Premier Resort Đà Nẵng,4.4,1346,Khách sạn 5 sao,"1,04 Tr",
https://www.google.com/maps/place/Brilliant+Hotel/data=!4m10!3m9!1s0x3142183263cd1149:0xb6fb460cff32a8ca!5m2!4m1!1i2!8m2!3d16.0667352!4d108.2246568!16s%2Fg%2F11c52ygqsk!19sChIJSRHNYzIYQjERyqgy_wxG-7Y?authuser=0&hl=vi&rclk=1,Brilliant Hotel,4.3,1557,Khách sạn 4 sao,"1,14 Tr",
https://www.google.com/maps/place/Cicilia+Hotel+%26+Spa/data=!4m10!3m9!1s0x3142177ae0bde10f:0x1b8b3008a40e9c3f!5m2!4m1!1i2!8m2!3d16.0520579!4d108.2465719!16s%2Fg%2F11bw4v0gwg!19sChIJD-G94HoXQjERP5wOpAgwixs?authuser=0&hl=vi&rclk=1,Cicilia Hotel & Spa,4.0,687,Khách sạn 4 sao,708 N,
https://www.google.com/maps/place/Happy+Hotel+Danang/data=!4m10!3m9!1s0x314217df406671c1:0xaa68213db4edc29b!5m2!4m1!1i2!8m2!3d16.0773684!4d108.2439575!16s%2Fg%2F11j4gx447n!19sChIJwXFmQN8XQjERm8LttD0haKo?authuser=0&hl=vi&rclk=1,Happy Hotel Danang,4.8,26,Khách sạn,300 N,
https://www.google.com/maps/place/Draco+Hotel+%26+Suites/data=!4m10!3m9!1s0x314217e183a7b449:0x69c4722bbdebc486!5m2!4m1!1i2!8m2!3d16.048619!4d108.2473165!16s%2Fg%2F11swg7d46q!19sChIJSbSng-EXQjERhsTrvStyxGk?authuser=0&hl=vi&rclk=1,Draco Hotel & Suites,4.5,13,Khách sạn,919 N,
https://www.google.com/maps/place/D%26C+Danang+Hotel/data=!4m10!3m9!1s0x3142182c18e343a3:0x24b27f0906d4118!5m2!4m1!1i2!8m2!3d16.0661944!4d108.2312!16s%2Fg%2F119tr5yfd!19sChIJo0PjGCwYQjERGEFtkPAnSwI?authuser=0&hl=vi&rclk=1,D&C Danang Hotel,4.1,243,Khách sạn 2 sao,290 N,
https://www.google.com/maps/place/Euro+Star+Riverside+Hotel/data=!4m10!3m9!1s0x314219e7fa3e6255:0x595572db3a04a9a4!5m2!4m1!1i2!8m2!3d16.0566141!4d108.2319148!16s%2Fg%2F11j84xvhpf!19sChIJVWI--ucZQjERpKkEOttyVVk?authuser=0&hl=vi&rclk=1,Euro Star Riverside Hotel,5.0,254,Khách sạn,421 N,
https://www.google.com/maps/place/Kh%C3%A1ch+s%E1%BA%A1n+Capella+%C4%90%C3%A0+N%E1%BA%B5ng/data=!4m10!3m9!1s0x314217dc49f06b85:0x4470024ac74f3005!5m2!4m1!1i2!8m2!3d16.0527912!4d108.2460286!16s%2Fg%2F11hfyzkp19!19sChIJhWvwSdwXQjERBTBPx0oCcEQ?authuser=0&hl=vi&rclk=1,Khách sạn Capella Đà Nẵng,4.0,48,Khách sạn,453 N,
https://www.google.com/maps/place/BlueSun+Hotel/data=!4m10!3m9!1s0x31421783ecd4eb7f:0x28000e5dd697ce2b!5m2!4m1!1i2!8m2!3d16.0666162!4d108.2450612!16s%2Fg%2F11bzvf7s5_!19sChIJf-vU7IMXQjERK86X1l0OACg?authuser=0&hl=vi&rclk=1,BlueSun Hotel,4.2,241,Khách sạn 4 sao,815 N,
https://www.google.com/maps/place/Avenis+Hotel/data=!4m10!3m9!1s0x314219ab94152e7d:0xaf11ebeb0cb50c3d!5m2!4m1!1i2!8m2!3d16.0780689!4d108.172699!16s%2Fg%2F11qln42zst!19sChIJfS4VlKsZQjERPQy1DOvrEa8?authuser=0&hl=vi&rclk=1,Avenis Hotel,4.0,33,Khách sạn,"1,05 Tr",
https://www.google.com/maps/place/Kh%C3%A1ch+s%E1%BA%A1n+Samdi/data=!4m10!3m9!1s0x314219b6ac346305:0x2cea5abbb04dedd0!5m2!4m1!1i2!8m2!3d16.0593128!4d108.2084274!16s%2Fg%2F11btvgbq5w!19sChIJBWM0rLYZQjER0O1NsLta6iw?authuser=0&hl=vi&rclk=1,Khách sạn Samdi,4.1,775,Khách sạn 4 sao,564 N,
https://www.google.com/maps/place/Y%E1%BA%BFn+Vy+Hotel+%26+Apartment/data=!4m10!3m9!1s0x314217d017c6d2c1:0xd6e1934c851892c2!5m2!4m1!1i2!8m2!3d16.0512346!4d108.2459969!16s%2Fg%2F11fflzht50!19sChIJwdLGF9AXQjERwpIYhUyT4dY?authuser=0&hl=vi&rclk=1,Yến Vy Hotel & Apartment,4.0,49,Khách sạn 3 sao,288 N,
https://www.google.com/maps/place/%C4%90%C3%A0+N%E1%BA%B5ng/data=!4m10!3m9!1s0x314217c8fa9ecbf5:0x1246a50ab41d6e10!5m2!4m1!1i2!8m2!3d16.0695298!4d108.2416238!16s%2Fg%2F11h_0w38xj!19sChIJ9cue-sgXQjEREG4dtAqlRhI?authuser=0&hl=vi&rclk=1,Đà Nẵng,4.5,183,Khách sạn 3 sao,250 N,
https://www.google.com/maps/place/Satya+Da+Nang+Hotel/data=!4m10!3m9!1s0x31421832597a9355:0xabe34c90c1016de5!5m2!4m1!1i2!8m2!3d16.0669632!4d108.223999!16s%2Fg%2F11f3x_6nh6!19sChIJVZN6WTIYQjER5W0BwZBM46s?authuser=0&hl=vi&rclk=1,Satya Da Nang Hotel,4.2,683,Khách sạn 4 sao,752 N,
https://www.google.com/maps/place/CELINA+HOTEL+%26+APARTMENT/data=!4m10!3m9!1s0x314217a6b102c65b:0x1f32623c538c73d2!5m2!4m1!1i2!8m2!3d16.0554608!4d108.245089!16s%2Fg%2F11fjz81yb4!19sChIJW8YCsaYXQjER0nOMUzxiMh8?authuser=0&hl=vi&rclk=1,CELINA HOTEL & APARTMENT,4.4,77,Khách sạn,610 N,
https://www.google.com/maps/place/Brown+Bean+Hotel/data=!4m10!3m9!1s0x314219c380852daf:0x851537fd3ecf69d4!5m2!4m1!1i2!8m2!3d16.0385547!4d108.2233731!16s%2Fg%2F12hlsjkzl!19sChIJry2FgMMZQjER1GnPPv03FYU?authuser=0&hl=vi&rclk=1,Brown Bean Hotel,4.0,256,Khách sạn 2 sao,238 N,
https://www.google.com/maps/place/Nam+Hotel+%26+Residences/data=!4m10!3m9!1s0x31421829e55c9fff:0xed4a3fb8b6618c03!5m2!4m1!1i2!8m2!3d16.0685723!4d108.2391513!16s%2Fg%2F11dfgswxsy!19sChIJ_59c5SkYQjERA4xhtrg_Su0?authuser=0&hl=vi&rclk=1,Nam Hotel & Residences,4.1,404,Khách sạn 3 sao,425 N,
https://www.google.com/maps/place/NALOD+%C4%90%C3%80+N%E1%BA%B4NG+-+KH%C3%81CH+S%E1%BA%A0N+%26+TRUNG+T%C3%82M+H%E1%BB%98I+NGH%E1%BB%8A/data=!4m10!3m9!1s0x31421784755cbe37:0x636c2ed29ade4905!5m2!4m1!1i2!8m2!3d16.0721006!4d108.2446562!16s%2Fg%2F11g8bwr4xz!19sChIJN75cdYQXQjERBUnemtIubGM?authuser=0&hl=vi&rclk=1,NALOD ĐÀ NẴNG - KHÁCH SẠN & TRUNG TÂM HỘI NGHỊ,4.3,885,Khách sạn,"1,28 Tr",
https://www.google.com/maps/place/Dreamy+Sky+Boutique+Hotel/data=!4m10!3m9!1s0x314219b807227a3b:0x33a1bcf30a3cd938!5m2!4m1!1i2!8m2!3d16.0593531!4d108.2040075!16s%2Fg%2F11fknh2lgm!19sChIJO3oiB7gZQjERONk8CvO8oTM?authuser=0&hl=vi&rclk=1,Dreamy Sky Boutique Hotel,4.1,172,Khách sạn,266 N,
https://www.google.com/maps/place/LOTUS+ROCK+HOTEL/data=!4m10!3m9!1s0x3142196682b3581f:0x6b16e0a8c83262e5!5m2!4m1!1i2!8m2!3d16.0599833!4d108.2131304!16s%2Fg%2F11j0jqzt2h!19sChIJH1izgmYZQjER5WIyyKjgFms?authuser=0&hl=vi&rclk=1,LOTUS ROCK HOTEL,4.2,25,Khách sạn,276 N,
https://www.google.com/maps/place/Grand+Sunrise+3+Hotel/data=!4m10!3m9!1s0x314217878648bdeb:0x6b7460263572c4fb!5m2!4m1!1i2!8m2!3d16.0716518!4d108.2379087!16s%2Fg%2F11dzdh48kn!19sChIJ671IhocXQjER-8RyNSZgdGs?authuser=0&hl=vi&rclk=1,Grand Sunrise 3 Hotel,4.1,274,Khách sạn 3 sao,469 N,
https://www.google.com/maps/place/Monarque+Hotel/data=!4m10!3m9!1s0x3142178d36fbef43:0xdb079f9de0401ead!5m2!4m1!1i2!8m2!3d16.0661258!4d108.2451505!16s%2Fg%2F11g9r46qv5!19sChIJQ-_7No0XQjERrR5A4J2fB9s?authuser=0&hl=vi&rclk=1,Monarque Hotel,4.7,886,Khách sạn 4 sao,829 N,
https://www.google.com/maps/place/Sunview+Hotel/data=!4m10!3m9!1s0x3142178430edb929:0x6e521f6ce41f9d87!5m2!4m1!1i2!8m2!3d16.0734987!4d108.242523!16s%2Fg%2F11lly6y9v0!19sChIJKbntMIQXQjERh50f5GwfUm4?authuser=0&hl=vi&rclk=1,Sunview Hotel,4.6,8,Khách sạn,935 N,
https://www.google.com/maps/place/ROSETTA+HOTEL+-+APARMENT+%26+SPA/data=!4m10!3m9!1s0x314217bd51c27deb:0x7e5df5e8c32e176c!5m2!4m1!1i2!8m2!3d16.0687136!4d108.2419007!16s%2Fg%2F11hf65p39d!19sChIJ633CUb0XQjERbBcuw-j1XX4?authuser=0&hl=vi&rclk=1,ROSETTA HOTEL - APARMENT & SPA,3.7,18,Khách sạn 3 sao,311 N,
https://www.google.com/maps/place/Vanda+Hotel/data=!4m10!3m9!1s0x314219cc56f60d83:0xdb01f82fd192cd3c!5m2!4m1!1i2!8m2!3d16.0606628!4d108.222519!16s%2Fg%2F11b7vs7ftn!19sChIJgw32VswZQjERPM2S0S_4Ads?authuser=0&hl=vi&rclk=1,Vanda Hotel,4.3,1529,Khách sạn 4 sao,850 N,
https://www.google.com/maps/place/The+Samson+-+Beach+Boutique+Hotel/data=!4m10!3m9!1s0x314217b9d1ed90b7:0x92129573873572c7!5m2!4m1!1i2!8m2!3d16.0636308!4d108.2414118!16s%2Fg%2F11h169521h!19sChIJt5Dt0bkXQjERx3I1h3OVEpI?authuser=0&hl=vi&rclk=1,The Samson - Beach Boutique Hotel,4.6,67,Khách sạn,298 N,
https://www.google.com/maps/place/Ph%C3%BAc+Thanh+Hotel/data=!4m10!3m9!1s0x31421764fb4d5c37:0x7beeed4dbcdf6786!5m2!4m1!1i2!8m2!3d16.0542496!4d108.2443691!16s%2Fg%2F11hd4zhn2f!19sChIJN1xN-2QXQjERhmffvE3t7ns?authuser=0&hl=vi&rclk=1,Phúc Thanh Hotel,4.1,57,Khách sạn 3 sao,275 N,
https://www.google.com/maps/place/DLG+Hotel+Danang/data=!4m10!3m9!1s0x31421779079be651:0x28603cb72f89fd14!5m2!4m1!1i2!8m2!3d16.05844!4d108.2465816!16s%2Fg%2F11f66t9m7_!19sChIJUeabB3kXQjERFP2JL7c8YCg?authuser=0&hl=vi&rclk=1,DLG Hotel Danang,4.4,376,Khách sạn 5 sao,"1,29 Tr",
https://www.google.com/maps/place/Bac+Nam+Motel/data=!4m10!3m9!1s0x3142191725d2bf9f:0xa7d29c843e04ec5e!5m2!4m1!1i2!8m2!3d16.0539928!4d108.1716923!16s%2Fg%2F11dzdfdnwf!19sChIJn7_SJRcZQjERXuwEPoSc0qc?authuser=0&hl=vi&rclk=1,Bac Nam Motel,3.6,135,Khách sạn 2 sao,250 N,
https://www.google.com/maps/place/Paris+Deli+Danang+Beach+Hotel/data=!4m10!3m9!1s0x3142178475235b4f:0xd47d269b29cab148!5m2!4m1!1i2!8m2!3d16.0663054!4d108.2449758!16s%2Fg%2F11f04dn5dr!19sChIJT1sjdYQXQjERSLHKKZsmfdQ?authuser=0&hl=vi&rclk=1,Paris Deli Danang Beach Hotel,4.1,765,Khách sạn 4 sao,930 N,
https://www.google.com/maps/place/Kh%C3%A1ch+s%E1%BA%A1n+EROS+%C4%90%C3%A0+N%E1%BA%B5ng/data=!4m10!3m9!1s0x314217861cdb96d3:0x34acfb4d0197ea4e!5m2!4m1!1i2!8m2!3d16.0732336!4d108.2428309!16s%2Fg%2F11gdh8b8pf!19sChIJ05bbHIYXQjERTuqXAU37rDQ?authuser=0&hl=vi&rclk=1,Khách sạn EROS Đà Nẵng,4.4,29,Khách sạn 3 sao,260 N,
https://www.google.com/maps/place/Kh%C3%A1ch+s%E1%BA%A1n+Radisson+%C4%90%C3%A0+N%E1%BA%B5ng/data=!4m10!3m9!1s0x314217072e7d4a4b:0x7ebd58a80ed57046!5m2!4m1!1i2!8m2!3d16.0739111!4d108.244673!16s%2Fg%2F11l4bbdcv9!19sChIJS0p9LgcXQjERRnDVDqhYvX4?authuser=0&hl=vi&rclk=1,Khách sạn Radisson Đà Nẵng,4.4,119,Khách sạn 5 sao,"1,94 Tr",
https://www.google.com/maps/place/SOCO+Hotel/data=!4m10!3m9!1s0x3142177be42ee36d:0xefa83d77adcf7d39!5m2!4m1!1i2!8m2!3d16.0559544!4d108.2446687!16s%2Fg%2F1pzs6k7lt!19sChIJbeMu5HsXQjEROX3PrXc9qO8?authuser=0&hl=vi&rclk=1,SOCO Hotel,3.9,564,Khách sạn 3 sao,595 N,
https://www.google.com/maps/place/Bamboo+Hotel/data=!4m10!3m9!1s0x314219b9c7dacc2b:0x7bca8b725b9a250a!5m2!4m1!1i2!8m2!3d16.0524158!4d108.2101211!16s%2Fg%2F11fp4j09g_!19sChIJK8zax7kZQjERCiWaW3KLyns?authuser=0&hl=vi&rclk=1,Bamboo Hotel,3.9,77,Khách sạn 2 sao,352 N,
https://www.google.com/maps/place/The+Secret+Garden+Danang/data=!4m10!3m9!1s0x31421938dc4e0a61:0x9fef7bfe55ab48ec!5m2!4m1!1i2!8m2!3d16.0686963!4d108.2229885!16s%2Fg%2F11gnrg4kgk!19sChIJYQpO3DgZQjER7EirVf57758?authuser=0&hl=vi&rclk=1,The Secret Garden Danang,4.2,228,Khách sạn 2 sao,264 N,
https://www.google.com/maps/place/Kh%C3%A1ch+s%E1%BA%A1n+Royal+Charm/data=!4m10!3m9!1s0x314217d9afe46089:0xe77aa928c8ee1f05!5m2!4m1!1i2!8m2!3d16.0496468!4d108.2477608!16s%2Fg%2F11gxmg78dx!19sChIJiWDkr9kXQjERBR_uyCipeuc?authuser=0&hl=vi&rclk=1,Khách sạn Royal Charm,4.5,14,Khách sạn 3 sao,416 N,
https://www.google.com/maps/place/Royal+Lotus+Hotel+Danang/data=!4m10!3m9!1s0x3142177bf6e04fa5:0x8eecedb3b683889e!5m2!4m1!1i2!8m2!3d16.0551609!4d108.2436333!16s%2Fg%2F11cmdhjwrz!19sChIJpU_g9nsXQjERnoiDtrPt7I4?authuser=0&hl=vi&rclk=1,Royal Lotus Hotel Danang,4.3,1552,Khách sạn 4 sao,882 N,
https://www.google.com/maps/place/Menora+Premium+Da+Nang+-+Sea+Corner+Boutique/data=!4m10!3m9!1s0x314217fee519853b:0x9640c0df8e4a424b!5m2!4m1!1i2!8m2!3d16.0529484!4d108.2465115!16s%2Fg%2F11qpx4w3tq!19sChIJO4UZ5f4XQjERS0JKjt_AQJY?authuser=0&hl=vi&rclk=1,Menora Premium Da Nang - Sea Corner Boutique,4.5,17,Khách sạn 3 sao,474 N,
https://www.google.com/maps/place/Mayana+Hotel/data=!4m10!3m9!1s0x3142183237c55253:0xb7470bba4c9348cb!5m2!4m1!1i2!8m2!3d16.068191!4d108.223502!16s%2Fg%2F1q2wgxt_1!19sChIJU1LFNzIYQjERy0iTTLoLR7c?authuser=0&hl=vi&rclk=1,Mayana Hotel,3.6,176,Khách sạn 3 sao,510 N,
https://www.google.com/maps/place/L%C3%AA+Ho%C3%A0ng+Beach+Hotel/data=!4m10!3m9!1s0x31421783f5f67cf5:0x6fc977ba51f720ac!5m2!4m1!1i2!8m2!3d16.0656952!4d108.2449939!16s%2Fg%2F11dfgbhrv1!19sChIJ9Xz29YMXQjERrCD3Ubp3yW8?authuser=0&hl=vi&rclk=1,Lê Hoàng Beach Hotel,4.1,440,Khách sạn 4 sao,830 N,
https://www.google.com/maps/place/LAMORE+HOTEL/data=!4m10!3m9!1s0x31421785e827587f:0xe45535a9988d5de4!5m2!4m1!1i2!8m2!3d16.0431995!4d108.2478128!16s%2Fg%2F11h8l3wk21!19sChIJf1gn6IUXQjER5F2NmKk1VeQ?authuser=0&hl=vi&rclk=1,LAMORE HOTEL,4.0,94,Khách sạn 3 sao,308 N,
https://www.google.com/maps/place/Sekong+Hotel+Da+Nang+Beach/data=!4m10!3m9!1s0x3142178f3f6f1a63:0x1eca58bf5de40b5!5m2!4m1!1i2!8m2!3d16.0746377!4d108.2450116!16s%2Fg%2F11bz0d_2_n!19sChIJYxpvP48XQjERtUDe9Yul7AE?authuser=0&hl=vi&rclk=1,Sekong Hotel Da Nang Beach,4.0,275,Khách sạn 3 sao,741 N,
https://www.google.com/maps/place/HO%C3%80NG+SINH+HOTEL/data=!4m10!3m9!1s0x314217dcff0623c1:0x8eff776e678c9691!5m2!4m1!1i2!8m2!3d16.0683755!4d108.2433225!16s%2Fg%2F11pqnb_8k3!19sChIJwSMG_9wXQjERkZaMZ253_44?authuser=0&hl=vi&rclk=1,HOÀNG SINH HOTEL,5.0,15,Khách sạn,279 N,
https://www.google.com/maps/place/KH%C3%81NH+LINH+HOTEL/data=!4m10!3m9!1s0x314219778b8cfff7:0x1bf126da0ccb6c8d!5m2!4m1!1i2!8m2!3d16.0515293!4d108.2163205!16s%2Fg%2F11fsl_m769!19sChIJ9_-Mi3cZQjERjWzLDNom8Rs?authuser=0&hl=vi&rclk=1,KHÁNH LINH HOTEL,4.9,11,Khách sạn,454 N,
https://www.google.com/maps/place/Golden+Rose+Hotel+Danang/data=!4m10!3m9!1s0x314217a082d480b5:0x999009407c424e7b!5m2!4m1!1i2!8m2!3d16.0734922!4d108.241747!16s%2Fg%2F11h6qyrd_w!19sChIJtYDUgqAXQjERe05CfEAJkJk?authuser=0&hl=vi&rclk=1,Golden Rose Hotel Danang,4.0,98,Khách sạn,348 N,
https://www.google.com/maps/place/Tarasa+Hotel/data=!4m10!3m9!1s0x314218382308269f:0xd512d654abbd09b2!5m2!4m1!1i2!8m2!3d16.0766184!4d108.2161638!16s%2Fg%2F11hzwhnyq3!19sChIJnyYIIzgYQjERsgm9q1TWEtU?authuser=0&hl=vi&rclk=1,Tarasa Hotel,3.7,65,Khách sạn,304 N,
https://www.google.com/maps/place/London+Hotel+%26+Apartment+Da+Nang/data=!4m10!3m9!1s0x314217e1381f8291:0xfcbce23e7dad13d5!5m2!4m1!1i2!8m2!3d16.0790925!4d108.2451994!16s%2Fg%2F11h4v750v_!19sChIJkYIfOOEXQjER1ROtfT7ivPw?authuser=0&hl=vi&rclk=1,London Hotel & Apartment Da Nang,4.6,22,Khách sạn,429 N,
https://www.google.com/maps/place/Blue-s+Hotel/data=!4m10!3m9!1s0x31421740740e9ee7:0x2426e36014fbf3c3!5m2!4m1!1i2!8m2!3d16.0514287!4d108.2455645!16s%2Fg%2F11fmh40z4y!19sChIJ554OdEAXQjERw_P7FGDjJiQ?authuser=0&hl=vi&rclk=1,Blue-s Hotel,5.0,40,Khách sạn,418 N,
https://www.google.com/maps/place/Furama+Resort+Danang/data=!4m10!3m9!1s0x31420fdbc8cc38ef:0x9a6a3e31121225d2!5m2!4m1!1i2!8m2!3d16.0399456!4d108.2510681!16s%2Fg%2F1hc12jlwq!19sChIJ7zjMyNsPQjER0iUSEjE-apo?authuser=0&hl=vi&rclk=1,Furama Resort Danang,4.5,3291,Khách sạn 5 sao,"4,15 Tr",
https://www.google.com/maps/place/Mandila+Beach+Hotel/data=!4m10!3m9!1s0x31421783f5350a4d:0x8a1da39a616d3bd4!5m2!4m1!1i2!8m2!3d16.0674565!4d108.244984!16s%2Fg%2F11df1v9d1q!19sChIJTQo19YMXQjER1DttYZqjHYo?authuser=0&hl=vi&rclk=1,Mandila Beach Hotel,4.4,704,Khách sạn 4 sao,879 N,
https://www.google.com/maps/place/Kh%C3%A1ch+s%E1%BA%A1n+Sydney+%C4%90%C3%A0+N%E1%BA%B5ng/data=!4m10!3m9!1s0x3142177ca0ea3539:0x16d7e49e78e4d2f4!5m2!4m1!1i2!8m2!3d16.0522832!4d108.2442626!16s%2Fg%2F11fkm85kbv!19sChIJOTXqoHwXQjER9NLkeJ7k1xY?authuser=0&hl=vi&rclk=1,Khách sạn Sydney Đà Nẵng,4.3,29,Khách sạn,393 N,
https://www.google.com/maps/place/Grand+Gold+Hotel/data=!4m10!3m9!1s0x314217efbe78debb:0x4f041effe7e7db40!5m2!4m1!1i2!8m2!3d16.0937687!4d108.2515131!16s%2Fg%2F11f701_00k!19sChIJu954vu8XQjERQNvn5_8eBE8?authuser=0&hl=vi&rclk=1,Grand Gold Hotel,4.4,160,Khách sạn 4 sao,699 N,
https://www.google.com/maps/place/Danang+Boutique+Hotel/data=!4m10!3m9!1s0x314219b5f32f5d75:0x5886995a0d84761f!5m2!4m1!1i2!8m2!3d16.060471!4d108.2135551!16s%2Fg%2F11gghcy_ws!19sChIJdV0v87UZQjERH3aEDVqZhlg?authuser=0&hl=vi&rclk=1,Danang Boutique Hotel,4.6,110,Khách sạn 3 sao,772 N,
https://www.google.com/maps/place/Hana+Hotel+Da+Nang/data=!4m10!3m9!1s0x31421780fa28bbad:0x75c138e13e5c5a0b!5m2!4m1!1i2!8m2!3d16.0651213!4d108.241638!16s%2Fg%2F11fx8c2yx1!19sChIJrbso-oAXQjERC1pcPuE4wXU?authuser=0&hl=vi&rclk=1,Hana Hotel Da Nang,3.8,31,Khách sạn 3 sao,306 N,
https://www.google.com/maps/place/Homie+Hotel/data=!4m10!3m9!1s0x3142178036c8c8ad:0x715e54dab5d60acd!5m2!4m1!1i2!8m2!3d16.0632313!4d108.2401884!16s%2Fg%2F11bz09tcqy!19sChIJrcjINoAXQjERzQrWtdpUXnE?authuser=0&hl=vi&rclk=1,Homie Hotel,3.9,66,Khách sạn 2 sao,336 N,
https://www.google.com/maps/place/Kh%C3%A1ch+s%E1%BA%A1n+Brilliant+Majestic/data=!4m10!3m9!1s0x3142178602e5a249:0xfc7433ae266cf8c1!5m2!4m1!1i2!8m2!3d16.0738502!4d108.2432119!16s%2Fg%2F11dxdnxc3b!19sChIJSaLlAoYXQjERwfhsJq4zdPw?authuser=0&hl=vi&rclk=1,Khách sạn Brilliant Majestic,4.5,182,Khách sạn 2 sao,429 N,
https://www.google.com/maps/place/Maximilan+Danang+Beach+Hotel/data=!4m10!3m9!1s0x314217d4981af15b:0xb26adaa1034f9b59!5m2!4m1!1i2!8m2!3d16.0672225!4d108.2449417!16s%2Fg%2F11h51cbp83!19sChIJW_EamNQXQjERWZtPA6HaarI?authuser=0&hl=vi&rclk=1,Maximilan Danang Beach Hotel,4.3,289,Khách sạn,974 N,
https://www.google.com/maps/place/Grand+Sea+Hotel/data=!4m10!3m9!1s0x3142178404398dab:0x257adf70281d30bd!5m2!4m1!1i2!8m2!3d16.068095!4d108.2440628!16s%2Fg%2F11clydh6b7!19sChIJq405BIQXQjERvTAdKHDfeiU?authuser=0&hl=vi&rclk=1,Grand Sea Hotel,4.0,256,Khách sạn 4 sao,723 N,
https://www.google.com/maps/place/Duy+Tung+Hotell+Da+Nang/data=!4m10!3m9!1s0x314217f901b493b1:0xf1b8e3999159a416!5m2!4m1!1i2!8m2!3d16.0618737!4d108.2421632!16s%2Fg%2F11hdq5w0wb!19sChIJsZO0AfkXQjERFqRZkZnjuPE?authuser=0&hl=vi&rclk=1,Duy Tung Hotell Da Nang,4.6,12,Khách sạn,405 N,
https://www.google.com/maps/place/Gold+Coast+Hotel/data=!4m10!3m9!1s0x3142175df71ed721:0xbd18419828fdd9cd!5m2!4m1!1i2!8m2!3d16.039258!4d108.2446862!16s%2Fg%2F1td2rch4!19sChIJIdce910XQjERzdn9KJhBGL0?authuser=0&hl=vi&rclk=1,Gold Coast Hotel,3.8,99,Khách sạn 3 sao,342 N,
https://www.google.com/maps/place/Grand+Sunrise+Boutique/data=!4m10!3m9!1s0x3142175d617eaac7:0x43e0baede9e28ba!5m2!4m1!1i2!8m2!3d16.05428!4d108.2446448!16s%2Fg%2F11fcrc74c2!19sChIJx6p-YV0XQjERuiie3q4LPgQ?authuser=0&hl=vi&rclk=1,Grand Sunrise Boutique,4.3,250,Khách sạn 4 sao,607 N,
https://www.google.com/maps/place/King%E2%80%99s+Finger+Hotel/data=!4m10!3m9!1s0x314217cac4a90ecf:0xc9fae7eaf8f91da5!5m2!4m1!1i2!8m2!3d16.055098!4d108.2418491!16s%2Fg%2F11c0qgr2mx!19sChIJzw6pxMoXQjERpR35-Orn-sk?authuser=0&hl=vi&rclk=1,King’s Finger Hotel,4.2,756,Khách sạn 3 sao,586 N,
https://www.google.com/maps/place/Dylan+Hotel+Danang/data=!4m10!3m9!1s0x31421783e6227f17:0xe21be8963784de56!5m2!4m1!1i2!8m2!3d16.0666122!4d108.2444278!16s%2Fg%2F11g7zdn4t3!19sChIJF38i5oMXQjERVt6EN5boG-I?authuser=0&hl=vi&rclk=1,Dylan Hotel Danang,3.9,180,Khách sạn 3 sao,392 N,
https://www.google.com/maps/place/Bay+Sydney+Hotel/data=!4m10!3m9!1s0x3142175d30d67115:0x736b01c6d0d56030!5m2!4m1!1i2!8m2!3d16.06751!4d108.2433328!16s%2Fg%2F11j6sf_q1h!19sChIJFXHWMF0XQjERMGDV0MYBa3M?authuser=0&hl=vi&rclk=1,Bay Sydney Hotel,3.3,7,Khách sạn 3 sao,315 N,
https://www.google.com/maps/place/SEN+Boutique+Hotel+%C4%90%C3%A0+N%E1%BA%B5ng/data=!4m10!3m9!1s0x3142177bc29673a7:0x2fecd627253fb0cf!5m2!4m1!1i2!8m2!3d16.0555102!4d108.2452762!16s%2Fg%2F11r3v4pn7v!19sChIJp3OWwnsXQjERz7A_JSfW7C8?authuser=0&hl=vi&rclk=1,SEN Boutique Hotel Đà Nẵng,4.3,198,Khách sạn,380 N,
https://www.google.com/maps/place/Platinum+Danang+Hotel/data=!4m10!3m9!1s0x3142177b770dd5c3:0x7c4aad16a97e6c4c!5m2!4m1!1i2!8m2!3d16.0533275!4d108.2446398!16s%2Fg%2F11f4wtdtv4!19sChIJw9UNd3sXQjERTGx-qRatSnw?authuser=0&hl=vi&rclk=1,Platinum Danang Hotel,3.9,156,Khách sạn 2 sao,444 N,
https://www.google.com/maps/place/Alisia+Beach+Hotel/data=!4m10!3m9!1s0x314217ee367d187b:0x8407d85311085d20!5m2!4m1!1i2!8m2!3d16.0921911!4d108.2509311!16s%2Fg%2F11f66tc7g1!19sChIJexh9Nu4XQjERIF0IEVPYB4Q?authuser=0&hl=vi&rclk=1,Alisia Beach Hotel,4.1,210,Khách sạn 3 sao,645 N,
https://www.google.com/maps/place/Paradise+Hotel/data=!4m10!3m9!1s0x3142183242a62f33:0xf7b59038a3d8bc46!5m2!4m1!1i2!8m2!3d16.0672539!4d108.2245597!16s%2Fg%2F12vs_xkqj!19sChIJMy-mQjIYQjERRrzYoziQtfc?authuser=0&hl=vi&rclk=1,Paradise Hotel,3.9,33,Khách sạn 3 sao,360 N,
https://www.google.com/maps/place/Sunna+Hotel/data=!4m10!3m9!1s0x31421786a714f31d:0xb97d405df7974ef5!5m2!4m1!1i2!8m2!3d16.068691!4d108.243581!16s%2Fg%2F11h19z6mj!19sChIJHfMUp4YXQjER9U6X911Afbk?authuser=0&hl=vi&rclk=1,Sunna Hotel,3.2,81,Khách sạn 1 sao,198 N,
https://www.google.com/maps/place/ALYSSA+Da+Nang+Hotel/data=!4m10!3m9!1s0x31421829e55c9fff:0x86ca3a7f2839a285!5m2!4m1!1i2!8m2!3d16.0685859!4d108.2388688!16s%2Fg%2F11dzdh67cn!19sChIJ_59c5SkYQjERhaI5KH86yoY?authuser=0&hl=vi&rclk=1,ALYSSA Da Nang Hotel,4.0,54,Khách sạn 3 sao,370 N,
https://www.google.com/maps/place/Amani+Hotel+Danang/data=!4m10!3m9!1s0x314217b9109fce11:0xfc7be746acd84ee!5m2!4m1!1i2!8m2!3d16.0680065!4d108.2386786!16s%2Fg%2F11h4gps1kl!19sChIJEc6fELkXQjER7oTNanS-xw8?authuser=0&hl=vi&rclk=1,Amani Hotel Danang,4.7,16,Khách sạn,340 N,
https://www.google.com/maps/place/Emily+Hotel+%26+Apartment/data=!4m10!3m9!1s0x314217fc8994720f:0xa033d7a07f3dbae0!5m2!4m1!1i2!8m2!3d16.0490778!4d108.2483336!16s%2Fg%2F11bv3vcx2s!19sChIJD3KUifwXQjER4Lo9f6DXM6A?authuser=0&hl=vi&rclk=1,Emily Hotel & Apartment,3.8,223,Khách sạn 2 sao,"1,05 Tr",
https://www.google.com/maps/place/A+La+Carte+Danang+Beach/data=!4m10!3m9!1s0x3142178414e2dd27:0xe82c30135e1d5f85!5m2!4m1!1i2!8m2!3d16.0687309!4d108.244693!16s%2Fg%2F1pxwhcxjm!19sChIJJ93iFIQXQjERhV8dXhMwLOg?authuser=0&hl=vi&rclk=1,A La Carte Danang Beach,4.2,3070,Khách sạn 4 sao,"1,19 Tr",
https://www.google.com/maps/place/Kh%C3%A1ch+S%E1%BA%A1n+Ph%C3%BA+L%E1%BB%99c+Ph%C3%A1t/data=!4m10!3m9!1s0x314218e4e057688f:0x75d9a66821904903!5m2!4m1!1i2!8m2!3d16.0761603!4d108.1767849!16s%2Fg%2F1hc6x_q81!19sChIJj2hX4OQYQjERA0mQIWim2XU?authuser=0&hl=vi&rclk=1,Khách Sạn Phú Lộc Phát,3.6,33,Khách sạn 2 sao,246 N,
https://www.google.com/maps/place/Stella+Maris+Beach+Danang/data=!4m10!3m9!1s0x314219ea6be6b977:0xbbd94c9fc384efb6!5m2!4m1!1i2!8m2!3d16.0635016!4d108.2448993!16s%2Fg%2F11j00rx9gn!19sChIJd7nma-oZQjERtu-Ew59M2bs?authuser=0&hl=vi&rclk=1,Stella Maris Beach Danang,4.3,473,Khách sạn 4 sao,"1,45 Tr",
