link,name,avgRating,numOfRating,category,price,plusCode,
https://www.google.com/maps/place/Grand+Sunrise+Boutique/data=!4m10!3m9!1s0x3142177b908e5819:0x43e0baede9e28ba!5m2!4m1!1i2!8m2!3d16.05428!4d108.244645!16s%2Fg%2F11fcrc74c2!19sChIJGViOkHsXQjERuiie3q4LPgQ?authuser=0&hl=vi&rclk=1,Grand Sunrise Boutique,"4,3",(250),Khách sạn 4 sao,542 N,,
https://www.google.com/maps/place/Ph%C3%BAc+Thanh+Hotel/data=!4m10!3m9!1s0x3142177b8ff7cf3d:0x7beeed4dbcdf6786!5m2!4m1!1i2!8m2!3d16.05425!4d108.244369!16s%2Fg%2F11hd4zhn2f!19sChIJPc_3j3sXQjERhmffvE3t7ns?authuser=0&hl=vi&rclk=1,Phúc Thanh Hotel,"4,1",(57),Khách sạn 3 sao,267 N,,
https://www.google.com/maps/place/InterContinental+%C4%90%C3%A0+N%E1%BA%B5ng+Sun+Peninsula+Resort/data=!4m10!3m9!1s0x31423d9513ec9199:0x5ade8a2bd4daad0d!5m2!4m1!1i2!8m2!3d16.1198263!4d108.3071763!16s%2Fm%2F0wxsvlv!19sChIJmZHsE5U9QjERDa3a1CuK3lo?authuser=0&hl=vi&rclk=1,InterContinental Đà Nẵng Sun Peninsula Resort,"4,8",(1.977),Khách sạn 5 sao,"16,5 Tr",,
https://www.google.com/maps/place/Risemount+Premier+Resort+%C4%90%C3%A0+N%E1%BA%B5ng/data=!4m10!3m9!1s0x3142177c46837343:0xf40f5197d1ba3cb1!5m2!4m1!1i2!8m2!3d16.0546179!4d108.2420798!16s%2Fg%2F11cr_gdp6p!19sChIJQ3ODRnwXQjERsTy60ZdRD_Q?authuser=0&hl=vi&rclk=1,Risemount Premier Resort Đà Nẵng,"4,4",(1.346),Khách sạn 5 sao,"1,04 Tr",,
https://www.google.com/maps/place/Furama+Resort+Danang/data=!4m10!3m9!1s0x31420fdbc8cc38ef:0x9a6a3e31121225d2!5m2!4m1!1i2!8m2!3d16.0399456!4d108.2510681!16s%2Fg%2F1hc12jlwq!19sChIJ7zjMyNsPQjER0iUSEjE-apo?authuser=0&hl=vi&rclk=1,Furama Resort Danang,"4,5",(3.291),Khách sạn 5 sao,"4,15 Tr",,
https://www.google.com/maps/place/Premier+Village+%C4%90%C3%A0+N%E1%BA%B5ng+Resort/data=!4m10!3m9!1s0x314217687f97d183:0xee49ef38ee262430!5m2!4m1!1i2!8m2!3d16.0420899!4d108.2507504!16s%2Fg%2F1ptx9k5_7!19sChIJg9GXf2gXQjERMCQm7jjvSe4?authuser=0&hl=vi&rclk=1,Premier Village Đà Nẵng Resort,"4,6",(1.810),Khách sạn 5 sao,"10,1 Tr",,
https://www.google.com/maps/place/Sandy+Beach+Non+Nuoc+Resort/data=!4m10!3m9!1s0x314210c4cc9d3631:0x51ce799214adcdb!5m2!4m1!1i2!8m2!3d15.9982387!4d108.2716052!16s%2Fg%2F1hhxk1pm1!19sChIJMTadzMQQQjER29xKIZnnHAU?authuser=0&hl=vi&rclk=1,Sandy Beach Non Nuoc Resort,"4,3",(1.672),Khách sạn 4 sao,"1,16 Tr",,
https://www.google.com/maps/place/Vinpearl+Resort+%26+Spa+%C4%90%C3%A0+N%E1%BA%B5ng/data=!4m10!3m9!1s0x314210c248e57855:0xffa04ca7238b3d66!5m2!4m1!1i2!8m2!3d15.9940251!4d108.269555!16s%2Fg%2F11g7zfjj0k!19sChIJVXjlSMIQQjERZj2LI6dMoP8?authuser=0&hl=vi&rclk=1,Vinpearl Resort & Spa Đà Nẵng,"4,6",(1.972),Khách sạn 5 sao,"14,2 Tr",,
https://www.google.com/maps/place/Sheraton+Grand+Danang+Resort/data=!4m10!3m9!1s0x314210e4b8dcf477:0x1810de3c45d77347!5m2!4m1!1i2!8m2!3d15.9806421!4d108.2762838!16s%2Fg%2F11c5s5gxtn!19sChIJd_TcuOQQQjERR3PXRTzeEBg?authuser=0&hl=vi&rclk=1,Sheraton Grand Danang Resort,"4,5",(1.646),Khách sạn 5 sao,"4,68 Tr",,
https://www.google.com/maps/place/Da+Nang+Mikazuki+Japanese+Resorts+%26+Spa/data=!4m10!3m9!1s0x3142190e92159b0d:0x21edb328f124edee!5m2!4m1!1i2!8m2!3d16.0944647!4d108.146087!16s%2Fg%2F11hzv0ksgc!19sChIJDZsVkg4ZQjER7u0k8Siz7SE?authuser=0&hl=vi&rclk=1,Da Nang Mikazuki Japanese Resorts & Spa,"4,3",(279),Khách sạn,"3,26 Tr",,
https://www.google.com/maps/place/The+Ocean+Villas/data=!4m10!3m9!1s0x314211aaf4daa2b5:0x96f5006a00c354a5!5m2!4m1!1i2!8m2!3d15.9748409!4d108.2811759!16s%2Fg%2F1tdx65nz!19sChIJtaLa9KoRQjERpVTDAGoA9ZY?authuser=0&hl=vi&rclk=1,The Ocean Villas,"4,4",(1.593),Khách sạn 5 sao,"2,7 Tr",,
https://www.google.com/maps/place/Hyatt+Regency+Danang+Resort+and+Spa/data=!4m10!3m9!1s0x314210cf6a42c159:0xaeb535cc2b736240!5m2!4m1!1i2!8m2!3d16.0130143!4d108.2641978!16s%2Fg%2F1tp0b4j2!19sChIJWcFCas8QQjERQGJzK8w1ta4?authuser=0&hl=vi&rclk=1,Hyatt Regency Danang Resort and Spa,"4,5",(3.748),Khách sạn 5 sao,"5,03 Tr",,
https://www.google.com/maps/place/Mangala+Zen+Garden+Resort/data=!4m10!3m9!1s0x314210fcdfad150b:0x292dbb21182eb498!5m2!4m1!1i2!8m2!3d15.9783929!4d108.2821336!16s%2Fg%2F11bv30gzp1!19sChIJCxWt3_wQQjERmLQuGCG7LSk?authuser=0&hl=vi&rclk=1,Mangala Zen Garden Resort,"4,4",(223),Khách sạn 4 sao,"4,76 Tr",,
https://www.google.com/maps/place/Naman+Retreat/data=!4m10!3m9!1s0x314210ffff49be83:0x4dc264a06ef8baa5!5m2!4m1!1i2!8m2!3d15.9697155!4d108.2842484!16s%2Fg%2F11b6ljfdzd!19sChIJg75J__8QQjERpbr4bqBkwk0?authuser=0&hl=vi&rclk=1,Naman Retreat,"4,4",(1.728),Khách sạn 5 sao,"3,62 Tr",,
https://www.google.com/maps/place/TIA+Wellness+Resort/data=!4m10!3m9!1s0x31421744216244cf:0x11908a5e23ec76fd!5m2!4m1!1i2!8m2!3d16.0308057!4d108.2538815!16s%2Fg%2F1tdkp88n!19sChIJz0RiIUQXQjER_XbsI16KkBE?authuser=0&hl=vi&rclk=1,TIA Wellness Resort,"4,5",(898),Khách sạn 5 sao,"11,2 Tr",,
https://www.google.com/maps/place/S%C6%A1n+Tr%C3%A0+Resort/data=!4m10!3m9!1s0x31423d8633c84e4b:0xed92b277779d6de6!5m2!4m1!1i2!8m2!3d16.106287!4d108.295063!16s%2Fg%2F1tplh6ny!19sChIJS07IM4Y9QjER5m2dd3eyku0?authuser=0&hl=vi&rclk=1,Sơn Trà Resort,"4,1",(499),Khách sạn 4 sao,"2,31 Tr",,
https://www.google.com/maps/place/Temple+Da+Nang+The+Resort+Experience/data=!4m10!3m9!1s0x31421785d035f577:0xa82c5cdbb71959ff!5m2!4m1!1i2!8m2!3d16.0749218!4d108.2457909!16s%2Fg%2F1hc3jnxrk!19sChIJd_U10IUXQjER_1kZt9tcLKg?authuser=0&hl=vi&rclk=1,Temple Da Nang The Resort Experience,"4,0",(849),Khách sạn 3 sao,"1,67 Tr",,
https://www.google.com/maps/place/Tien+Sa+Retreat+Da+Nang/data=!4m10!3m9!1s0x314222bc8b2573b7:0xefa16e80905357d3!5m2!4m1!1i2!8m2!3d16.1217221!4d108.2193932!16s%2Fg%2F11c52rsdkk!19sChIJt3Mli7wiQjER01dTkIBuoe8?authuser=0&hl=vi&rclk=1,Tien Sa Retreat Da Nang,"4,0",(395),Khách sạn 3 sao,"1,11 Tr",,
https://www.google.com/maps/place/Pullman+Danang+Beach+Resort/data=!4m10!3m9!1s0x314217686dfcf229:0xa17b1ae3b14af658!5m2!4m1!1i2!8m2!3d16.0405647!4d108.2500872!16s%2Fg%2F1ts3c2xn!19sChIJKfL8bWgXQjERWPZKseMae6E?authuser=0&hl=vi&rclk=1,Pullman Danang Beach Resort,"4,6",(1.825),Khách sạn 5 sao,"4,72 Tr",,
https://www.google.com/maps/place/Premier+Village+Danang+Resort/data=!4m10!3m9!1s0x314217ee7fc93097:0xe2e00cfbad1b85a5!5m2!4m1!1i2!8m2!3d16.0417092!4d108.2501712!16s%2Fg%2F11j83qqb08!19sChIJlzDJf-4XQjERpYUbrfsM4OI?authuser=0&hl=vi&rclk=1,Premier Village Danang Resort,"4,8",(50),Khách sạn,290 N,, 
https://www.google.com/maps/place/Olalani+Resort+%26+Condotel/data=!4m10!3m9!1s0x314217e678657477:0x75628cdb4df40041!5m2!4m1!1i2!8m2!3d16.0297!4d108.2557!16s%2Fg%2F1tfjc0dd!19sChIJd3RleOYXQjERQQD0TduMYnU?authuser=0&hl=vi&rclk=1,Olalani Resort & Condotel,"4,1",(732),Khách sạn 5 sao,"2,57 Tr",,
https://www.google.com/maps/place/Resort+Villa+Beach+Da+Nang/data=!4m10!3m9!1s0x31421188ea0b800f:0xf634a8b2aea8dfe0!5m2!4m1!1i2!8m2!3d15.9746674!4d108.2819414!16s%2Fg%2F11h0by8lpf!19sChIJD4AL6ogRQjER4N-orrKoNPY?authuser=0&hl=vi&rclk=1,Resort Villa Beach Da Nang,"4,5",(6),Khách sạn,"9,28 Tr",,
https://www.google.com/maps/place/Resort+Villa+Beach+Da+Nang/data=!4m10!3m9!1s0x31421188ea0b800f:0xf634a8b2aea8dfe0!5m2!4m1!1i2!8m2!3d15.9746674!4d108.2819414!16s%2Fg%2F11h0by8lpf!19sChIJD4AL6ogRQjER4N-orrKoNPY?authuser=0&hl=vi&rclk=1,Resort Villa Beach Da Nang,"4,5",(6),Khách sạn,"9,28 Tr",,
https://www.google.com/maps/place/Meli%C3%A1+Danang/data=!4m10!3m9!1s0x314210c5cab81527:0xfd5b35311bbbd0fc!5m2!4m1!1i2!8m2!3d16.0005344!4d108.269255!16s%2Fg%2F1q67pwtd0!19sChIJJxW4ysUQQjER_NC7GzE1W_0?authuser=0&hl=vi&rclk=1,Meliá Danang,"4,4",(1.571),Khách sạn 4 sao,"2,36 Tr",,
https://www.google.com/maps/place/InterContinental+%C4%90%C3%A0+N%E1%BA%B5ng/data=!4m10!3m9!1s0x31423d9e47319525:0xef666004ccd18293!5m2!4m1!1i2!8m2!3d16.1225743!4d108.3070154!16s%2Fg%2F11f4wv3vgg!19sChIJJZUxR549QjERk4LRzARgZu8?authuser=0&hl=vi&rclk=1,InterContinental Đà Nẵng,"4,8",(558),Khách sạn 4 sao,17 Tr,,
https://www.google.com/maps/place/Furama+Villas+Danang/data=!4m10!3m9!1s0x31421742c2fd4ea1:0xbe5b6da59bfb421c!5m2!4m1!1i2!8m2!3d16.0380152!4d108.2515831!16s%2Fg%2F1tgj69jp!19sChIJoU79wkIXQjERHEL7m6VtW74?authuser=0&hl=vi&rclk=1,Furama Villas Danang,"4,5",(896),Khách sạn 5 sao,"10,7 Tr",,
https://www.google.com/maps/place/Mandila+Beach+Hotel/data=!4m10!3m9!1s0x31421783f5350a4d:0x8a1da39a616d3bd4!5m2!4m1!1i2!8m2!3d16.0674565!4d108.244984!16s%2Fg%2F11df1v9d1q!19sChIJTQo19YMXQjER1DttYZqjHYo?authuser=0&hl=vi&rclk=1,Mandila Beach Hotel,"4,4",(704),Khách sạn 4 sao,879 N,,
https://www.google.com/maps/place/Danang+Golden+Bay+Hotel/data=!4m10!3m9!1s0x3142180fe0af6541:0x7286a33cefda8ba!5m2!4m1!1i2!8m2!3d16.0977009!4d108.2246456!16s%2Fg%2F11f15k0jvs!19sChIJQWWv4A8YQjERuqj9zjNqKAc?authuser=0&hl=vi&rclk=1,Danang Golden Bay Hotel,"4,4",(3.038),Khách sạn 5 sao,"1,55 Tr",,
https://www.google.com/maps/place/Crowne+Plaza+Danang/data=!4m10!3m9!1s0x314217460327806f:0x93e2fc2f8c1657f6!5m2!4m1!1i2!8m2!3d16.0273539!4d108.2565294!16s%2Fg%2F1hhxjxwn5!19sChIJb4AnA0YXQjER9lcWjC_84pM?authuser=0&hl=vi&rclk=1,Crowne Plaza Danang,"4,2",(786),Khách sạn 4 sao,"2,76 Tr",,
https://www.google.com/maps/place/Stella+Maris+Beach+Danang/data=!4m10!3m9!1s0x314219ea6be6b977:0xbbd94c9fc384efb6!5m2!4m1!1i2!8m2!3d16.0635016!4d108.2448993!16s%2Fg%2F11j00rx9gn!19sChIJd7nma-oZQjERtu-Ew59M2bs?authuser=0&hl=vi&rclk=1,Stella Maris Beach Danang,"4,3",(473),Khách sạn 4 sao,"1,45 Tr",,
https://www.google.com/maps/place/Diamond+Sea+Hotel/data=!4m10!3m9!1s0x31421783ecacb2cd:0x1b3ab65dcfd4ff59!5m2!4m1!1i2!8m2!3d16.0665018!4d108.2450398!16s%2Fg%2F1pp2vgq8x!19sChIJzbKs7IMXQjERWf_Uz122Ohs?authuser=0&hl=vi&rclk=1,Diamond Sea Hotel,"4,2",(1.074),Khách sạn 4 sao,796 N,,
https://www.google.com/maps/place/Kh%C3%A1ch+S%E1%BA%A1n+SeaShore/data=!4m10!3m9!1s0x314217f205d825a1:0x3558404e24eb3da0!5m2!4m1!1i2!8m2!3d16.0893555!4d108.24933!16s%2Fg%2F11fhqqt7xd!19sChIJoSXYBfIXQjERoD3rJE5AWDU?authuser=0&hl=vi&rclk=1,Khách Sạn SeaShore,"4,4",(285),Khách sạn 3 sao,608 N,,
https://www.google.com/maps/place/Haian+Beach+Hotel+%26+Spa/data=!4m10!3m9!1s0x3142177a5e88b85b:0x6efe50bad84535c3!5m2!4m1!1i2!8m2!3d16.0530442!4d108.2475282!16s%2Fg%2F11f66td7p7!19sChIJW7iIXnoXQjERwzVF2LpQ_m4?authuser=0&hl=vi&rclk=1,Haian Beach Hotel & Spa,"4,3",(1.002),Khách sạn 4 sao,"1,04 Tr",,
https://www.google.com/maps/place/Vinpearl+Luxury+%C4%90%C3%A0+N%E1%BA%B5ng/data=!4m10!3m9!1s0x314210cbebc12213:0xc6fc741592df54ec!5m2!4m1!1i2!8m2!3d16.005484!4d108.2660988!16s%2Fg%2F11c56cb8gk!19sChIJEyLB68sQQjER7FTfkhV0_MY?authuser=0&hl=vi&rclk=1,Vinpearl Luxury Đà Nẵng,"4,6",(2.206),Khách sạn 5 sao,"5,07 Tr",,
https://www.google.com/maps/place/Paris+Deli+Danang+Beach+Hotel/data=!4m10!3m9!1s0x3142178475235b4f:0xd47d269b29cab148!5m2!4m1!1i2!8m2!3d16.0663054!4d108.2449758!16s%2Fg%2F11f04dn5dr!19sChIJT1sjdYQXQjERSLHKKZsmfdQ?authuser=0&hl=vi&rclk=1,Paris Deli Danang Beach Hotel,"4,1",(765),Khách sạn 4 sao,930 N,,
https://www.google.com/maps/place/Haian+Riverfront+Da+Nang+Hotel/data=!4m10!3m9!1s0x314218328cba5f7b:0x2aff1fe3766a6839!5m2!4m1!1i2!8m2!3d16.0661896!4d108.2244309!16s%2Fg%2F11j99sqt9n!19sChIJe1-6jDIYQjEROWhqduMf_yo?authuser=0&hl=vi&rclk=1,Haian Riverfront Da Nang Hotel,"4,4",(112),Khách sạn 4 sao,844 N,,
https://www.google.com/maps/place/Minh+Boutique/data=!4m10!3m9!1s0x314217ab090fcd1b:0x5d5f20ada700313c!5m2!4m1!1i2!8m2!3d16.069539!4d108.2418203!16s%2Fg%2F11hzc_p7vr!19sChIJG80PCasXQjERPDEAp60gX10?authuser=0&hl=vi&rclk=1,Minh Boutique,"4,6",(127),Khách sạn,"1,22 Tr",,
https://www.google.com/maps/place/Sel+de+Mer+Hotel+%26+Suites/data=!4m10!3m9!1s0x31421738255a84a1:0x1054f22f47f39773!5m2!4m1!1i2!8m2!3d16.0806247!4d108.246817!16s%2Fg%2F11hyfnfg_k!19sChIJoYRaJTgXQjERc5fzRy_yVBA?authuser=0&hl=vi&rclk=1,Sel de Mer Hotel & Suites,"4,5",(167),Khách sạn,"1,59 Tr",,
https://www.google.com/maps/place/Serene+Beach+Hotel/data=!4m10!3m9!1s0x314217fc00185a8b:0xed5955ccd96d31c1!5m2!4m1!1i2!8m2!3d16.0534997!4d108.2476765!16s%2Fg%2F11cjnn8sqd!19sChIJi1oYAPwXQjERwTFt2cxVWe0?authuser=0&hl=vi&rclk=1,Serene Beach Hotel,"4,0",(511),Khách sạn 4 sao,810 N,,
https://www.google.com/maps/place/Rosamia+Da+Nang+Hotel/data=!4m10!3m9!1s0x31421797205f4887:0xfd966509f0e698ac!5m2!4m1!1i2!8m2!3d16.0525558!4d108.2476411!16s%2Fg%2F11ff5n57dn!19sChIJh0hfIJcXQjERrJjm8Alllv0?authuser=0&hl=vi&rclk=1,Rosamia Da Nang Hotel,"4,1",(158),Khách sạn 5 sao,"1,77 Tr",,
https://www.google.com/maps/place/Hero+Sea+Hotel/data=!4m10!3m9!1s0x314217b8f75f2745:0xa4bed992dc020572!5m2!4m1!1i2!8m2!3d16.0685182!4d108.2440369!16s%2Fg%2F11t5drgql_!19sChIJRSdf97gXQjERcgUC3JLZvqQ?authuser=0&hl=vi&rclk=1,Hero Sea Hotel,"5,0",(2),Khách sạn nghỉ dưỡng,506 N,,
https://www.google.com/maps/place/Eden+Ocean+View+%C4%90%C3%A0+N%E1%BA%B5ng/data=!4m10!3m9!1s0x31421774fd18bf0b:0x7b0011a1b0a5d19c!5m2!4m1!1i2!8m2!3d16.0509613!4d108.248331!16s%2Fg%2F11fp1l7z5j!19sChIJC78Y_XQXQjERnNGlsKERAHs?authuser=0&hl=vi&rclk=1,Eden Ocean View Đà Nẵng,"4,0",(184),Khách sạn 5 sao,649 N,,
https://www.google.com/maps/place/Grand+Ocean+Luxury+Boutique/data=!4m10!3m9!1s0x3142178aa2b2bf0d:0x1a3b797a2030f281!5m2!4m1!1i2!8m2!3d16.0548853!4d108.2449344!16s%2Fg%2F11h2k2gxbz!19sChIJDb-yoooXQjERgfIwIHp5Oxo?authuser=0&hl=vi&rclk=1,Grand Ocean Luxury Boutique,"4,6",(66),Khách sạn 4 sao,633 N,,
https://www.google.com/maps/place/Altara+Suites/data=!4m10!3m9!1s0x3142178e951e057f:0xcb21e725c9b2bd8a!5m2!4m1!1i2!8m2!3d16.0775799!4d108.2452822!16s%2Fg%2F11f5ly96k4!19sChIJfwUelY4XQjERir2yySXnIcs?authuser=0&hl=vi&rclk=1,Altara Suites,"4,4",(491),Khách sạn 5 sao,"1,59 Tr",,
https://www.google.com/maps/place/White+Sand+Hotel+%26+Apartment+Da+Nang/data=!4m10!3m9!1s0x314217bc600a6c3b:0xb89352b8f46051b1!5m2!4m1!1i2!8m2!3d16.0628241!4d108.2422918!16s%2Fg%2F11qqcjjs4z!19sChIJO2wKYLwXQjERsVFg9LhSk7g?authuser=0&hl=vi&rclk=1,White Sand Hotel & Apartment Da Nang,"4,2",(384),Khách sạn 3 sao,527 N,,
https://www.google.com/maps/place/Fusion+Suites+Da+Nang/data=!4m10!3m9!1s0x3142178da9720b99:0x79a511f54df7b9b1!5m2!4m1!1i2!8m2!3d16.0811443!4d108.2469848!16s%2Fg%2F11b7l81m0j!19sChIJmQtyqY0XQjERsbn3TfURpXk?authuser=0&hl=vi&rclk=1,Fusion Suites Da Nang,"4,4",(1.480),Khách sạn 5 sao,"1,41 Tr",,
https://www.google.com/maps/place/Alisia+Beach+Hotel/data=!4m10!3m9!1s0x314217ee367d187b:0x8407d85311085d20!5m2!4m1!1i2!8m2!3d16.0921911!4d108.2509311!16s%2Fg%2F11f66tc7g1!19sChIJexh9Nu4XQjERIF0IEVPYB4Q?authuser=0&hl=vi&rclk=1,Alisia Beach Hotel,"4,1",(210),Khách sạn 3 sao,645 N,,
https://www.google.com/maps/place/Meli%C3%A1+Vinpearl+Danang+Riverfront/data=!4m10!3m9!1s0x314219d375b7e36d:0x87a589eecb31e2cd!5m2!4m1!1i2!8m2!3d16.0711221!4d108.2294441!16s%2Fg%2F11f66tbfgj!19sChIJbeO3ddMZQjERzeIxy-6JpYc?authuser=0&hl=vi&rclk=1,Meliá Vinpearl Danang Riverfront,"4,6",(1.640),Khách sạn 5 sao,"1,14 Tr",,
https://www.google.com/maps/place/Golden+Sea+3/data=!4m10!3m9!1s0x31421783c760b9b9:0xcf31c1440fabbe34!5m2!4m1!1i2!8m2!3d16.0658333!4d108.245!16s%2Fg%2F11c0v_xr7n!19sChIJublgx4MXQjERNL6rD0TBMc8?authuser=0&hl=vi&rclk=1,Golden Sea 3,"3,8",(302),Khách sạn 3 sao,691 N,,
https://www.google.com/maps/place/Tr%E1%BA%A1i+%C4%90i%C3%AAn+Homestay/data=!4m10!3m9!1s0x31421e2425d5fa51:0x3e0ad247bbe060fb!5m2!4m1!1i2!8m2!3d16.0635848!4d108.0543107!16s%2Fg%2F11c2khlxg6!19sChIJUfrVJSQeQjER-2Dgu0fSCj4?authuser=0&hl=vi&rclk=1,Trại Điên Homestay,"4,3",(58),Nhà tranh,371 N,,
https://www.google.com/maps/place/Balcona+Hotel+%26+Spa/data=!4m10!3m9!1s0x314217a431093021:0x2ea6f0ac97ca9bc7!5m2!4m1!1i2!8m2!3d16.0515762!4d108.2480845!16s%2Fg%2F11g0j4kxz2!19sChIJITAJMaQXQjERx5vKl6zwpi4?authuser=0&hl=vi&rclk=1,Balcona Hotel & Spa,"4,2",(509),Khách sạn 4 sao,951 N,,
https://www.google.com/maps/place/Val+Soleil+Hotel/data=!4m10!3m9!1s0x3142194e58a96d1f:0x3588b197e7a726ae!5m2!4m1!1i2!8m2!3d16.0646348!4d108.2233922!16s%2Fg%2F11gl37ws22!19sChIJH22pWE4ZQjERrian55exiDU?authuser=0&hl=vi&rclk=1,Val Soleil Hotel,"4,3",(175),Khách sạn 3 sao,"1,06 Tr",,
https://www.google.com/maps/place/Capital+O+1010+Pandora+Boutique+Villa/data=!4m10!3m9!1s0x314217a7f30d0c8b:0xea7ad38f3bf2a9c6!5m2!4m1!1i2!8m2!3d16.0372229!4d108.247485!16s%2Fg%2F11f7bqwwly!19sChIJiwwN86cXQjERxqnyO4_Teuo?authuser=0&hl=vi&rclk=1,Capital O 1010 Pandora Boutique Villa,"4,7",(62),Khách sạn 3 sao,"1,38 Tr",,
https://www.google.com/maps/place/Pavilion+Hotel+DaNang/data=!4m10!3m9!1s0x3142178218831491:0x5d8dbf7662250e76!5m2!4m1!1i2!8m2!3d16.0633409!4d108.244174!16s%2Fg%2F11g9ggnthx!19sChIJkRSDGIIXQjERdg4lYna_jV0?authuser=0&hl=vi&rclk=1,Pavilion Hotel DaNang,"4,3",(607),Khách sạn 4 sao,895 N,,
https://www.google.com/maps/place/Cani+Beach+House/data=!4m10!3m9!1s0x314217ace1d9a1db:0xcdf199763a8f9490!5m2!4m1!1i2!8m2!3d16.0848305!4d108.2474137!16s%2Fg%2F11f8j_fcmr!19sChIJ26HZ4awXQjERkJSPOnaZ8c0?authuser=0&hl=vi&rclk=1,Cani Beach House,"4,8",(51),Khách sạn 3 sao,840 N,,
https://www.google.com/maps/place/Santa+Luxury+Hotel/data=!4m10!3m9!1s0x314217b4e3029189:0x2184d10ffbf867ec!5m2!4m1!1i2!8m2!3d16.0517799!4d108.2467562!16s%2Fg%2F11jnstgy76!19sChIJiZEC47QXQjER7Gf4-w_RhCE?authuser=0&hl=vi&rclk=1,Santa Luxury Hotel,"4,6",(46),Khách sạn 4 sao,722 N,,
https://www.google.com/maps/place/Sea+Front+Hotel/data=!4m10!3m9!1s0x31421783eab074e9:0xf44488a533ae6953!5m2!4m1!1i2!8m2!3d16.0659801!4d108.2450077!16s%2Fg%2F1q62d1lpy!19sChIJ6XSw6oMXQjERU2muM6WIRPQ?authuser=0&hl=vi&rclk=1,Sea Front Hotel,"3,9",(237),Khách sạn 3 sao,884 N,,
https://www.google.com/maps/place/Thi+Boutique+Villa+(Nguy%C3%AAn+c%C4%83n+or+ph%C3%B2ng+l%E1%BA%BB)/data=!4m10!3m9!1s0x3142175f1d3f2f6f:0xb31fc3bd70b8448c!5m2!4m1!1i2!8m2!3d16.0693263!4d108.2421917!16s%2Fg%2F11h6s0g_j2!19sChIJby8_HV8XQjERjES4cL3DH7M?authuser=0&hl=vi&rclk=1,Thi Boutique Villa (Nguyên căn or phòng lẻ),"4,5",(46),Khách sạn,398 N,,
https://www.google.com/maps/place/GIC+LUXURY+HOTEL+AND+SPA/data=!4m10!3m9!1s0x31421828f96d9b7b:0xb47c13a96e71ee54!5m2!4m1!1i2!8m2!3d16.0708291!4d108.2170782!16s%2Fg%2F11h01c85fq!19sChIJe5tt-SgYQjERVO5xbqkTfLQ?authuser=0&hl=vi&rclk=1,GIC LUXURY HOTEL AND SPA,"4,3",(344),Khách sạn 4 sao,574 N,,
https://www.google.com/maps/place/Ponte+Boutique+Villa/data=!4m10!3m9!1s0x314217d710494441:0xdff4c0e96f96fcc6!5m2!4m1!1i2!8m2!3d16.0747355!4d108.2427474!16s%2Fg%2F11f9yqtgft!19sChIJQURJENcXQjERxvyWb-nA9N8?authuser=0&hl=vi&rclk=1,Ponte Boutique Villa,"4,8",(108),Khách sạn 2 sao,988 N,,
https://www.google.com/maps/place/L%C3%AA+Ho%C3%A0ng+Beach+Hotel/data=!4m10!3m9!1s0x31421783f5f67cf5:0x6fc977ba51f720ac!5m2!4m1!1i2!8m2!3d16.0656952!4d108.2449939!16s%2Fg%2F11dfgbhrv1!19sChIJ9Xz29YMXQjERrCD3Ubp3yW8?authuser=0&hl=vi&rclk=1,Lê Hoàng Beach Hotel,"4,1",(440),Khách sạn 4 sao,830 N,,
https://www.google.com/maps/place/Phuoc+My+An+Beach+Hotel/data=!4m10!3m9!1s0x314217e96f817bc5:0x5500d13e73c77e53!5m2!4m1!1i2!8m2!3d16.064132!4d108.2432622!16s%2Fg%2F11fl7_lx6v!19sChIJxXuBb-kXQjERU37Hcz7RAFU?authuser=0&hl=vi&rclk=1,Phuoc My An Beach Hotel,"4,4",(115),Khách sạn 4 sao,780 N,,
https://www.google.com/maps/place/Kh%C3%A1ch+s%E1%BA%A1n+Novotel+%C4%90%C3%A0+N%E1%BA%B5ng/data=!4m10!3m9!1s0x3142183afab4a42d:0xd52dbe9e28e83835!5m2!4m1!1i2!8m2!3d16.077357!4d108.2236583!16s%2Fg%2F11xcxx_4h!19sChIJLaS0-joYQjERNTjoKJ6-LdU?authuser=0&hl=vi&rclk=1,Khách sạn Novotel Đà Nẵng,"4,5",(4.305),Khách sạn 5 sao,"2,27 Tr",,
https://www.google.com/maps/place/The+Code+Hotel+%26+Spa/data=!4m10!3m9!1s0x314217e57d816b9f:0x1101cfd96d8639bd!5m2!4m1!1i2!8m2!3d16.0951651!4d108.2519729!16s%2Fg%2F11gh46w61w!19sChIJn2uBfeUXQjERvTmGbdnPARE?authuser=0&hl=vi&rclk=1,The Code Hotel & Spa,"4,3",(220),Khách sạn 4 sao,787 N,,
https://www.google.com/maps/place/Cordial+Hotel/data=!4m10!3m9!1s0x3142172a52759cd5:0x5d84d28f7c5999e!5m2!4m1!1i2!8m2!3d16.0733967!4d108.2412041!16s%2Fg%2F11gxrnv64d!19sChIJ1Zx1UioXQjERnpnF9yhN2AU?authuser=0&hl=vi&rclk=1,Cordial Hotel,"4,2",(125),Khách sạn nghỉ dưỡng,662 N,,
https://www.google.com/maps/place/Kh%C3%A1ch+s%E1%BA%A1n+Radisson+%C4%90%C3%A0+N%E1%BA%B5ng/data=!4m10!3m9!1s0x314217072e7d4a4b:0x7ebd58a80ed57046!5m2!4m1!1i2!8m2!3d16.0739111!4d108.244673!16s%2Fg%2F11l4bbdcv9!19sChIJS0p9LgcXQjERRnDVDqhYvX4?authuser=0&hl=vi&rclk=1,Khách sạn Radisson Đà Nẵng,"4,4",(119),Khách sạn 5 sao,"1,94 Tr",,
https://www.google.com/maps/place/C%C4%82N+H%E1%BB%98+LAHOME+%26+VILLA/data=!4m10!3m9!1s0x3142172512c7f9e7:0x8edf29df0a20dfd9!5m2!4m1!1i2!8m2!3d16.0753474!4d108.2443718!16s%2Fg%2F11g0mhpbms!19sChIJ5_nHEiUXQjER2d8gCt8p344?authuser=0&hl=vi&rclk=1,CĂN HỘ LAHOME & VILLA,"4,6",(70),Khách sạn 3 sao,"1,47 Tr",,
https://www.google.com/maps/place/Salmalia+Boutique+Hotel+%26+Spa/data=!4m10!3m9!1s0x31421778bf9c91c9:0xe9cbc71b22d5278!5m2!4m1!1i2!8m2!3d16.0607591!4d108.2453476!16s%2Fg%2F11h0mc4bqb!19sChIJyZGcv3gXQjEReFItsnG8nA4?authuser=0&hl=vi&rclk=1,Salmalia Boutique Hotel & Spa,"4,6",(185),Khách sạn,"1,09 Tr",,
https://www.google.com/maps/place/Chicland+Danang+Beach+Hotel/data=!4m10!3m9!1s0x3142171807b5520d:0x371c003a0a6ed02e!5m2!4m1!1i2!8m2!3d16.0680084!4d108.2450188!16s%2Fg%2F11fjy3jt94!19sChIJDVK1BxgXQjERLtBuCjoAHDc?authuser=0&hl=vi&rclk=1,Chicland Danang Beach Hotel,"4,7",(344),Khách sạn 4 sao,"1,71 Tr",,
https://www.google.com/maps/place/BlueSun+Hotel/data=!4m10!3m9!1s0x31421783ecd4eb7f:0x28000e5dd697ce2b!5m2!4m1!1i2!8m2!3d16.0666162!4d108.2450612!16s%2Fg%2F11bzvf7s5_!19sChIJf-vU7IMXQjERK86X1l0OACg?authuser=0&hl=vi&rclk=1,BlueSun Hotel,"4,2",(241),Khách sạn 4 sao,815 N,,
https://www.google.com/maps/place/Four+Points+by+Sheraton+Danang/data=!4m10!3m9!1s0x3142178ebc260505:0xc6eeac18a1830e50!5m2!4m1!1i2!8m2!3d16.0778712!4d108.2453996!16s%2Fg%2F11c5_wxr1b!19sChIJBQUmvI4XQjERUA6DoRis7sY?authuser=0&hl=vi&rclk=1,Four Points by Sheraton Danang,"4,5",(1.659),Khách sạn 5 sao,"2,45 Tr",,
https://www.google.com/maps/place/Monarque+Hotel/data=!4m10!3m9!1s0x3142178d36fbef43:0xdb079f9de0401ead!5m2!4m1!1i2!8m2!3d16.0661258!4d108.2451505!16s%2Fg%2F11g9r46qv5!19sChIJQ-_7No0XQjERrR5A4J2fB9s?authuser=0&hl=vi&rclk=1,Monarque Hotel,"4,7",(886),Khách sạn 4 sao,829 N,,
https://www.google.com/maps/place/Dolphin+Hotel+and+Apartment/data=!4m10!3m9!1s0x314217bcd338bef9:0xa6b761537a885a8f!5m2!4m1!1i2!8m2!3d16.0809455!4d108.2456535!16s%2Fg%2F11j694zlv2!19sChIJ-b4407wXQjERj1qIelNht6Y?authuser=0&hl=vi&rclk=1,Dolphin Hotel and Apartment,"4,8",(48),Khách sạn,811 N,,
https://www.google.com/maps/place/Maximilan+Danang+Beach+Hotel/data=!4m10!3m9!1s0x314217d4981af15b:0xb26adaa1034f9b59!5m2!4m1!1i2!8m2!3d16.0672225!4d108.2449417!16s%2Fg%2F11h51cbp83!19sChIJW_EamNQXQjERWZtPA6HaarI?authuser=0&hl=vi&rclk=1,Maximilan Danang Beach Hotel,"4,3",(289),Khách sạn,974 N,,
https://www.google.com/maps/place/Grand+Gold+Hotel/data=!4m10!3m9!1s0x314217efbe78debb:0x4f041effe7e7db40!5m2!4m1!1i2!8m2!3d16.0937687!4d108.2515131!16s%2Fg%2F11f701_00k!19sChIJu954vu8XQjERQNvn5_8eBE8?authuser=0&hl=vi&rclk=1,Grand Gold Hotel,"4,4",(160),Khách sạn 4 sao,699 N,,
https://www.google.com/maps/place/Canvas+Hotel/data=!4m10!3m9!1s0x3142178394c592b3:0xcee3a7de1a6c9a90!5m2!4m1!1i2!8m2!3d16.0665357!4d108.2450631!16s%2Fg%2F11fnwj0sqh!19sChIJs5LFlIMXQjERkJpsGt6n484?authuser=0&hl=vi&rclk=1,Canvas Hotel,"4,4",(77),Khách sạn,901 N,,
https://www.google.com/maps/place/SANG+BOUTIQUE+VILLA+%C4%90%C3%80+N%E1%BA%B4NG/data=!4m10!3m9!1s0x314217164ca33e15:0x12821ddbe046df71!5m2!4m1!1i2!8m2!3d16.0708826!4d108.2416369!16s%2Fg%2F11qqf6g02r!19sChIJFT6jTBYXQjERcd9G4NsdghI?authuser=0&hl=vi&rclk=1,SANG BOUTIQUE VILLA ĐÀ NẴNG,"5,0",(5),Khách sạn,800 N,,
https://www.google.com/maps/place/Sekong+Hotel+Da+Nang+Beach/data=!4m10!3m9!1s0x3142178f3f6f1a63:0x1eca58bf5de40b5!5m2!4m1!1i2!8m2!3d16.0746377!4d108.2450116!16s%2Fg%2F11bz0d_2_n!19sChIJYxpvP48XQjERtUDe9Yul7AE?authuser=0&hl=vi&rclk=1,Sekong Hotel Da Nang Beach,"4,0",(275),Khách sạn 3 sao,741 N,,
https://www.google.com/maps/place/EX+Da+Nang+Luxury+Hotel/data=!4m10!3m9!1s0x3142175fa78eb085:0xe73df06f439e0bfd!5m2!4m1!1i2!8m2!3d16.0369497!4d108.2399344!16s%2Fg%2F11g8d8wwyd!19sChIJhbCOp18XQjER_QueQ2_wPec?authuser=0&hl=vi&rclk=1,EX Da Nang Luxury Hotel,"4,6",(37),Khách sạn,673 N,,
https://www.google.com/maps/place/M%C6%B0%E1%BB%9Dng+Thanh+Grand+%C4%90%C3%A0+N%E1%BA%B5ng+Hotel/data=!4m10!3m9!1s0x314219f5540b195d:0x4476dc3ffe0f3386!5m2!4m1!1i2!8m2!3d16.0648162!4d108.2330777!16s%2Fg%2F11jff73my_!19sChIJXRkLVPUZQjERhjMP_j_cdkQ?authuser=0&hl=vi&rclk=1,Mường Thanh Grand Đà Nẵng Hotel,"4,3",(224),Khách sạn 4 sao,782 N,,
https://www.google.com/maps/place/Mai+Boutique+Villa/data=!4m10!3m9!1s0x31421786f535a81f:0xfa4ccee6d7b71fd4!5m2!4m1!1i2!8m2!3d16.0705866!4d108.2421887!16s%2Fg%2F11dz560q45!19sChIJH6g19YYXQjER1B-31-bOTPo?authuser=0&hl=vi&rclk=1,Mai Boutique Villa,"4,4",(270),Khách sạn 2 sao,472 N,,
https://www.google.com/maps/place/King+House+Villa+Hotel/data=!4m10!3m9!1s0x314219d4960a9827:0x6189df3be311e38!5m2!4m1!1i2!8m2!3d16.0636803!4d108.2398992!16s%2Fg%2F11fjs79q_9!19sChIJJ5gKltQZQjEROB4xvvOdGAY?authuser=0&hl=vi&rclk=1,King House Villa Hotel,"4,2",(164),Khách sạn 3 sao,377 N,,
https://www.google.com/maps/place/A+La+Carte+Danang+Beach/data=!4m10!3m9!1s0x3142178414e2dd27:0xe82c30135e1d5f85!5m2!4m1!1i2!8m2!3d16.0687309!4d108.244693!16s%2Fg%2F1pxwhcxjm!19sChIJJ93iFIQXQjERhV8dXhMwLOg?authuser=0&hl=vi&rclk=1,A La Carte Danang Beach,,,Khách sạn,"1,19 Tr",,
https://www.google.com/maps/place/Grand+Tourane+Hotel/data=!4m10!3m9!1s0x314217789c990369:0x138c794439bb7874!5m2!4m1!1i2!8m2!3d16.0617673!4d108.2458912!16s%2Fg%2F11bx2kq9c9!19sChIJaQOZnHgXQjERdHi7OUR5jBM?authuser=0&hl=vi&rclk=1,Grand Tourane Hotel,,,Khách sạn,"1,08 Tr",,
https://www.google.com/maps/place/DLG+Hotel+Danang/data=!4m10!3m9!1s0x31421779079be651:0x28603cb72f89fd14!5m2!4m1!1i2!8m2!3d16.05844!4d108.2465816!16s%2Fg%2F11f66t9m7_!19sChIJUeabB3kXQjERFP2JL7c8YCg?authuser=0&hl=vi&rclk=1,DLG Hotel Danang,,,Khách sạn,"1,29 Tr",,
https://www.google.com/maps/place/Hanami+Hotel+Danang/data=!4m10!3m9!1s0x3142176372388b9f:0x8b97363057db4165!5m2!4m1!1i2!8m2!3d16.0487914!4d108.2430218!16s%2Fg%2F11gfhdk5qk!19sChIJn4s4cmMXQjERZUHbVzA2l4s?authuser=0&hl=vi&rclk=1,Hanami Hotel Danang,,,Khách sạn lưu trú dài hạn,346 N,,
https://www.google.com/maps/place/Babylon+Garden+Da+Nang/data=!4m10!3m9!1s0x31421783f777126d:0x69c133e610279fea!5m2!4m1!1i2!8m2!3d16.0672207!4d108.2441697!16s%2Fg%2F11d_9f6jg2!19sChIJbRJ394MXQjER6p8nEOYzwWk?authuser=0&hl=vi&rclk=1,Babylon Garden Da Nang,,,Khách sạn,678 N,,
https://www.google.com/maps/place/Belle+Maison+Parosand+Danang/data=!4m10!3m9!1s0x31421784755cbe37:0xf4209ff2afeb534c!5m2!4m1!1i2!8m2!3d16.0675871!4d108.2448052!16s%2Fg%2F11fxvt0jls!19sChIJN75cdYQXQjERTFPrr_KfIPQ?authuser=0&hl=vi&rclk=1,Belle Maison Parosand Danang,,,Khách sạn,959 N,,
https://www.google.com/maps/place/Him+Lam+Apartment/data=!4m10!3m9!1s0x31421742c3d77187:0x99c0adb232b3a936!5m2!4m1!1i2!8m2!3d16.0365959!4d108.250779!16s%2Fg%2F11fl7phghd!19sChIJh3HXw0IXQjERNqmzMrKtwJk?authuser=0&hl=vi&rclk=1,Him Lam Apartment,,,Khách sạn nghỉ dưỡng,726 N,,
https://www.google.com/maps/place/Kh%C3%A1ch+s%E1%BA%A1n+Lavencos+bi%E1%BB%83n+M%E1%BB%B9+Kh%C3%AA+%C4%90%C3%A0+N%E1%BA%B5ng/data=!4m10!3m9!1s0x314217ba7a0a7997:0x205a72d70ea08eb5!5m2!4m1!1i2!8m2!3d16.0436211!4d108.247605!16s%2Fg%2F11q41kmdh4!19sChIJl3kKeroXQjERtY6gDtdyWiA?authuser=0&hl=vi&rclk=1,Khách sạn Lavencos biển Mỹ Khê Đà Nẵng,,,Khách sạn,598 N,,
https://www.google.com/maps/place/Royal+Lotus+Hotel+Danang/data=!4m10!3m9!1s0x3142177bf6e04fa5:0x8eecedb3b683889e!5m2!4m1!1i2!8m2!3d16.0551609!4d108.2436333!16s%2Fg%2F11cmdhjwrz!19sChIJpU_g9nsXQjERnoiDtrPt7I4?authuser=0&hl=vi&rclk=1,Royal Lotus Hotel Danang,,,Khách sạn,882 N,,
https://www.google.com/maps/place/Dana+Residence/data=!4m10!3m9!1s0x3142175ea8f750b5:0xcbb8033b8eb39cee!5m2!4m1!1i2!8m2!3d16.0744407!4d108.2444761!16s%2Fg%2F11h7kz5qhy!19sChIJtVD3qF4XQjER7pyzjjsDuMs?authuser=0&hl=vi&rclk=1,Dana Residence,,,Khách sạn,583 N,,
https://www.google.com/maps/place/Grand+Sea+View+Hotel+%26+Spa/data=!4m10!3m9!1s0x3142176642ff2e2d:0x496ba16f4cefbb4b!5m2!4m1!1i2!8m2!3d16.0498924!4d108.2470723!16s%2Fg%2F11b62pp_ct!19sChIJLS7_QmYXQjERS7vvTG-ha0k?authuser=0&hl=vi&rclk=1,Grand Sea View Hotel & Spa,,,Khách sạn,423 N,,
https://www.google.com/maps/place/Dan+Oasis+Hotel/data=!4m10!3m9!1s0x314217e57c5d5621:0x8f187ef41e45d722!5m2!4m1!1i2!8m2!3d16.0955103!4d108.2520534!16s%2Fg%2F11c7t83fby!19sChIJIVZdfOUXQjERItdFHvR-GI8?authuser=0&hl=vi&rclk=1,Dan Oasis Hotel,,,Khách sạn,676 N,,
https://www.google.com/maps/place/OASIS+Hotel+%26+Apartment/data=!4m10!3m9!1s0x3142179e15325e1b:0xbd5fbcf0a3975bcf!5m2!4m1!1i2!8m2!3d16.0634696!4d108.2404016!16s%2Fg%2F11h3ms6ht3!19sChIJG14yFZ4XQjERz1uXo_C8X70?authuser=0&hl=vi&rclk=1,OASIS Hotel & Apartment,,,Khách sạn,581 N,,
https://www.google.com/maps/place/Grand+Sea+Hotel/data=!4m10!3m9!1s0x3142178404398dab:0x257adf70281d30bd!5m2!4m1!1i2!8m2!3d16.068095!4d108.2440628!16s%2Fg%2F11clydh6b7!19sChIJq405BIQXQjERvTAdKHDfeiU?authuser=0&hl=vi&rclk=1,Grand Sea Hotel,,,Khách sạn,723 N,,
https://www.google.com/maps/place/Greenery+Hotel/data=!4m10!3m9!1s0x31421783dac8c847:0x49bfa340bfa1b0fd!5m2!4m1!1i2!8m2!3d16.0658485!4d108.2443061!16s%2Fg%2F11f5d40r4j!19sChIJR8jI2oMXQjER_bChv0Cjv0k?authuser=0&hl=vi&rclk=1,Greenery Hotel,,,Khách sạn,"6,44 Tr",,
https://www.google.com/maps/place/Sala+Danang+Beach+Hotel/data=!4m10!3m9!1s0x31421778a1a1ec31:0x22e751e30a3a2ba8!5m2!4m1!1i2!8m2!3d16.0622492!4d108.2452392!16s%2Fg%2F11h8d6kpqf!19sChIJMeyhoXgXQjERqCs6CuNR5yI?authuser=0&hl=vi&rclk=1,Sala Danang Beach Hotel,,,Khách sạn,"1,27 Tr",,
https://www.google.com/maps/place/TUYET+SON+HOTEL/data=!4m10!3m9!1s0x314217789e8fe775:0xd46fbf2f1d580437!5m2!4m1!1i2!8m2!3d16.0633526!4d108.2449813!16s%2Fg%2F11fxdxnn4g!19sChIJdeePnngXQjERNwRYHS-_b9Q?authuser=0&hl=vi&rclk=1,TUYET SON HOTEL,,,Khách sạn,598 N,,
https://www.google.com/maps/place/Dana+Marina+Hotel/data=!4m10!3m9!1s0x314217821e167501:0x8f88c07f116faa34!5m2!4m1!1i2!8m2!3d16.063175!4d108.2436467!16s%2Fg%2F11dd_r_sjv!19sChIJAXUWHoIXQjERNKpvEX_AiI8?authuser=0&hl=vi&rclk=1,Dana Marina Hotel,,,Khách sạn,565 N,,
https://www.google.com/maps/place/Moon+Hotel+and+Apartments/data=!4m10!3m9!1s0x314217a2dcbc9855:0xa25f27acffd30d42!5m2!4m1!1i2!8m2!3d16.0485519!4d108.2422306!16s%2Fg%2F11g4cnyz0h!19sChIJVZi83KIXQjERQg3T_6wnX6I?authuser=0&hl=vi&rclk=1,Moon Hotel and Apartments,,,Khách sạn lưu trú dài hạn,"1,17 Tr",,
https://www.google.com/maps/place/Menora+Premium+Da+Nang+-+Sea+Corner+Boutique/data=!4m10!3m9!1s0x314217fee519853b:0x9640c0df8e4a424b!5m2!4m1!1i2!8m2!3d16.0529484!4d108.2465115!16s%2Fg%2F11qpx4w3tq!19sChIJO4UZ5f4XQjERS0JKjt_AQJY?authuser=0&hl=vi&rclk=1,Menora Premium Da Nang - Sea Corner Boutique,,,Khách sạn,474 N,,
https://www.google.com/maps/place/Pandora+Boutique+Hotel/data=!4m10!3m9!1s0x314217ecbcdaaf17:0x26c7314a2ca1b8c0!5m2!4m1!1i2!8m2!3d16.0527457!4d108.2464766!16s%2Fg%2F11ffmnj9h_!19sChIJF6_avOwXQjERwLihLEoxxyY?authuser=0&hl=vi&rclk=1,Pandora Boutique Hotel,,,Khách sạn,805 N,,
https://www.google.com/maps/place/Kh%C3%A1ch+s%E1%BA%A1n+v%C3%A0+c%C4%83n+h%E1%BB%99+Smeraldo/data=!4m10!3m9!1s0x314217dd053de8bd:0x3cd2a0f1a1bbc8d5!5m2!4m1!1i2!8m2!3d16.0806939!4d108.244926!16s%2Fg%2F11fm79dlyw!19sChIJveg9Bd0XQjER1ci7ofGg0jw?authuser=0&hl=vi&rclk=1,Khách sạn và căn hộ Smeraldo,,,Khách sạn,507 N,,
https://www.google.com/maps/place/The+Blossom+House+Da+Nang+-+Serviced+Apartment/data=!4m10!3m9!1s0x31421783e7efc7b1:0x5152c64ec4ab35bb!5m2!4m1!1i2!8m2!3d16.0663643!4d108.2444594!16s%2Fg%2F11gmw8pxtg!19sChIJscfv54MXQjERuzWrxE7GUlE?authuser=0&hl=vi&rclk=1,The Blossom House Da Nang - Serviced Apartment,,,Khách sạn,784 N,,
https://www.google.com/maps/place/Brilliant+Hotel/data=!4m10!3m9!1s0x3142183263cd1149:0xb6fb460cff32a8ca!5m2!4m1!1i2!8m2!3d16.0667352!4d108.2246568!16s%2Fg%2F11c52ygqsk!19sChIJSRHNYzIYQjERyqgy_wxG-7Y?authuser=0&hl=vi&rclk=1,Brilliant Hotel,,,Khách sạn,"1,14 Tr",,
https://www.google.com/maps/place/The+Now+Boutique+Hotel/data=!4m10!3m9!1s0x314219ad1aca4b71:0x1fa7428a2fe9bc0b!5m2!4m1!1i2!8m2!3d16.049063!4d108.2390757!16s%2Fg%2F11h07mp8tj!19sChIJcUvKGq0ZQjERC7zpL4pCpx8?authuser=0&hl=vi&rclk=1,The Now Boutique Hotel,,,Khách sạn,616 N,,
https://www.google.com/maps/place/Grand+Sunrise+Boutique/data=!4m10!3m9!1s0x3142175d617eaac7:0x43e0baede9e28ba!5m2!4m1!1i2!8m2!3d16.05428!4d108.2446448!16s%2Fg%2F11fcrc74c2!19sChIJx6p-YV0XQjERuiie3q4LPgQ?authuser=0&hl=vi&rclk=1,Grand Sunrise Boutique,,,Khách sạn,607 N,,
https://www.google.com/maps/place/Grandvrio+City+DANANG/data=!4m10!3m9!1s0x3142183c3f8b3f61:0x7477695f62e0e8ef!5m2!4m1!1i2!8m2!3d16.0823478!4d108.2216964!16s%2Fg%2F11c7vttq3c!19sChIJYT-LPzwYQjER7-jgYl9pd3Q?authuser=0&hl=vi&rclk=1,Grandvrio City DANANG,,,Khách sạn,688 N,,
https://www.google.com/maps/place/Grand+Mercure+Danang/data=!4m10!3m9!1s0x314219db392e5bb5:0x2a43b2cacea4567a!5m2!4m1!1i2!8m2!3d16.0483415!4d108.2267041!16s%2Fg%2F1vn9lkpb!19sChIJtVsuOdsZQjERelakzsqyQyo?authuser=0&hl=vi&rclk=1,Grand Mercure Danang,,,Khách sạn,"1,48 Tr",,
https://www.google.com/maps/place/Fansipan+Hotel/data=!4m10!3m9!1s0x3142176637f08429:0x94a83e09c2389b23!5m2!4m1!1i2!8m2!3d16.0415989!4d108.2484044!16s%2Fg%2F1ptzn3p40!19sChIJKYTwN2YXQjERI5s4wgk-qJQ?authuser=0&hl=vi&rclk=1,Fansipan Hotel,,,Khách sạn,475 N,,
https://www.google.com/maps/place/Ibiza+Riverfront+Hotel/data=!4m10!3m9!1s0x31421824557981d9:0xd722ac3c615ddc83!5m2!4m1!1i2!8m2!3d16.0777223!4d108.2290278!16s%2Fg%2F11bxjmxgpb!19sChIJ2YF5VSQYQjERg9xdYTysItc?authuser=0&hl=vi&rclk=1,Ibiza Riverfront Hotel,,,Khách sạn,472 N,,
https://www.google.com/maps/place/Sanayen+Villa+%26+Residences/data=!4m10!3m9!1s0x3142178ec92f85bd:0x52c0c9852a1cd510!5m2!4m1!1i2!8m2!3d16.0791263!4d108.2445295!16s%2Fg%2F11fxb3hr8r!19sChIJvYUvyY4XQjERENUcKoXJwFI?authuser=0&hl=vi&rclk=1,Sanayen Villa & Residences,,,Khách sạn,"1,03 Tr",,
https://www.google.com/maps/place/HAMA+Boutique+Home/data=!4m10!3m9!1s0x314217b53f9c7ebb:0x91a18da7801aa79f!5m2!4m1!1i2!8m2!3d16.0606904!4d108.2451773!16s%2Fg%2F11hzxl7ddz!19sChIJu36cP7UXQjERn6cagKeNoZE?authuser=0&hl=vi&rclk=1,HAMA Boutique Home,,,Khách sạn,405 N,,
https://www.google.com/maps/place/Kh%C3%A1ch+S%E1%BA%A1n+Aria+Grand/data=!4m10!3m9!1s0x314217ff87e30ed1:0x6a1ead2945097416!5m2!4m1!1i2!8m2!3d16.0520532!4d108.2444789!16s%2Fg%2F11g0v_3rcs!19sChIJ0Q7jh_8XQjERFnQJRSmtHmo?authuser=0&hl=vi&rclk=1,Khách Sạn Aria Grand,,,Khách sạn lưu trú dài hạn,761 N,,
https://www.google.com/maps/place/Ocean+View+Danang+Hotel/data=!4m10!3m9!1s0x3142184f433c19b9:0xbe4b01989652863b!5m2!4m1!1i2!8m2!3d16.0757863!4d108.2068695!16s%2Fg%2F11hzhycztb!19sChIJuRk8Q08YQjERO4ZSlpgBS74?authuser=0&hl=vi&rclk=1,Ocean View Danang Hotel,,,Khách sạn,"5,75 Tr",,
https://www.google.com/maps/place/Fivitel+Boutique+Da+Nang/data=!4m10!3m9!1s0x31421833531f1261:0xc66ea5b56e758de6!5m2!4m1!1i2!8m2!3d16.0643219!4d108.2205609!16s%2Fg%2F11h35pf5hm!19sChIJYRIfUzMYQjER5o11brWlbsY?authuser=0&hl=vi&rclk=1,Fivitel Boutique Da Nang,,,Khách sạn,587 N,,
https://www.google.com/maps/place/Di+Lusso+Boutique+Hotel/data=!4m10!3m9!1s0x3142183b71cd85b9:0x7c8603a52b964155!5m2!4m1!1i2!8m2!3d16.0798921!4d108.2236174!16s%2Fg%2F11d_d4rmqd!19sChIJuYXNcTsYQjERVUGWK6UDhnw?authuser=0&hl=vi&rclk=1,Di Lusso Boutique Hotel,,,Khách sạn,891 N,,
https://www.google.com/maps/place/Kh%C3%A1ch+s%E1%BA%A1n+M%C6%B0%E1%BB%9Dng+Thanh+Luxury+S%C3%B4ng+H%C3%A0n/data=!4m10!3m9!1s0x314219c48567b049:0xeb2bbf7249e27f21!5m2!4m1!1i2!8m2!3d16.0602525!4d108.2168229!16s%2Fg%2F11fkq089rk!19sChIJSbBnhcQZQjERIX_iSXK_K-s?authuser=0&hl=vi&rclk=1,Khách sạn Mường Thanh Luxury Sông Hàn,,,Khách sạn,871 N,,
https://www.google.com/maps/place/Tamarind+Hotel+Da+Nang/data=!4m10!3m9!1s0x3142173d3b036c79:0xeaae1e97325aac98!5m2!4m1!1i2!8m2!3d16.0506832!4d108.2475841!16s%2Fg%2F11f8jhf97s!19sChIJeWwDOz0XQjERmKxaMpceruo?authuser=0&hl=vi&rclk=1,Tamarind Hotel Da Nang,,,Khách sạn,925 N,,
https://www.google.com/maps/place/Cicilia+Hotel+%26+Spa/data=!4m10!3m9!1s0x3142177ae0bde10f:0x1b8b3008a40e9c3f!5m2!4m1!1i2!8m2!3d16.0520579!4d108.2465719!16s%2Fg%2F11bw4v0gwg!19sChIJD-G94HoXQjERP5wOpAgwixs?authuser=0&hl=vi&rclk=1,Cicilia Hotel & Spa,,,Khách sạn,708 N,,
https://www.google.com/maps/place/CN+PALACE+Boutique+Hotel+%26+Spa+-+Danang/data=!4m10!3m9!1s0x314219eff1467813:0xf28c587b3b0f91fd!5m2!4m1!1i2!8m2!3d16.0704319!4d108.2364773!16s%2Fg%2F11h7cnfsth!19sChIJE3hG8e8ZQjER_ZEPO3tYjPI?authuser=0&hl=vi&rclk=1,CN PALACE Boutique Hotel & Spa - Danang,,,,650 N,,